,Unnamed: 0,GROUP_SET,GROUP_VALUE,GP,W,L,W_PCT,MIN,OFF_RATING,DEF_RATING,NET_RATING,AST_PCT,AST_TO,AST_RATIO,OREB_PCT,DREB_PCT,REB_PCT,TM_TOV_PCT,EFG_PCT,TS_PCT,PACE,PIE,GP_RANK,W_RANK,L_RANK,W_PCT_RANK,MIN_RANK,OFF_RATING_RANK,DEF_RATING_RANK,NET_RATING_RANK,AST_PCT_RANK,AST_TO_RANK,AST_RATIO_RANK,OREB_PCT_RANK,DREB_PCT_RANK,REB_PCT_RANK,TM_TOV_PCT_RANK,EFG_PCT_RANK,TS_PCT_RANK,PACE_RANK,PIE_RANK,CFID,CFPARAMS,PLAYOFFS,TEAM_ID,TEAM_NAME,EASTERN
66,0,By Year,2017-18,82,48,34,0.585,3991.0,107.7,105.6,2.1,0.627,1.8,19.2,0.2,0.767,0.494,0.14400000000000002,0.541,0.573,102.73,0.525,1,3,3,3,1,2,12,3,2,2,1,15,3,12,8,1,1,1,2,210,2017-18,1,1610612740,NOP,False
67,1,By Year,2016-17,82,34,48,0.415,3981.0,103.3,104.9,-1.6,0.5820000000000001,1.77,17.2,0.185,0.768,0.475,0.127,0.504,0.539,100.09,0.493,1,11,12,11,3,8,10,8,7,3,5,16,2,16,1,4,5,2,7,210,2016-17,0,1610612740,NOP,False
68,2,By Year,2015-16,82,30,52,0.366,3956.0,103.2,107.3,-4.1,0.5770000000000001,1.65,16.9,0.212,0.7879999999999999,0.49,0.135,0.498,0.537,98.91,0.47200000000000003,1,13,14,13,12,9,13,14,9,6,7,14,1,14,3,7,8,3,14,210,2015-16,0,1610612740,NOP,False
69,3,By Year,2014-15,82,45,37,0.5489999999999999,3956.0,105.4,104.7,0.7,0.581,1.66,17.2,0.271,0.7509999999999999,0.511,0.141,0.501,0.537,93.7,0.508,1,6,6,6,12,4,9,6,8,4,4,7,6,4,5,6,6,6,5,210,2014-15,1,1610612740,NOP,False
70,4,By Year,2013-14,82,34,48,0.415,3971.0,104.7,107.3,-2.6,0.563,1.55,16.6,0.26899999999999996,0.738,0.5,0.145,0.495,0.537,94.51,0.483,1,11,12,11,6,6,14,11,13,9,12,9,10,9,9,8,7,5,12,210,2013-14,0,1610612740,NOP,False
71,5,By Year,2012-13,82,27,55,0.32899999999999996,3956.0,102.7,107.6,-5.0,0.5820000000000001,1.44,16.8,0.292,0.7440000000000001,0.514,0.159,0.489,0.528,90.86,0.46399999999999997,1,14,15,14,12,10,16,15,6,11,10,3,9,2,13,10,10,13,15,210,2012-13,0,1610612740,NOP,False
72,6,By Year,2011-12,66,21,45,0.318,3188.0,98.3,102.3,-4.0,0.595,1.34,16.9,0.275,0.731,0.507,0.17,0.47600000000000003,0.517,90.67,0.48200000000000004,16,15,10,15,16,15,3,13,5,15,9,6,13,5,16,12,12,14,13,210,2011-12,0,1610612740,NOP,False
73,7,By Year,2010-11,82,46,36,0.561,3966.0,103.8,102.5,1.4,0.574,1.58,16.9,0.251,0.762,0.505,0.14300000000000002,0.493,0.537,90.89,0.507,1,5,5,5,7,7,4,5,11,7,8,11,4,7,7,9,9,12,6,210,2010-11,1,1610612740,NOP,False
74,8,By Year,2009-10,82,37,45,0.451,3966.0,105.1,107.3,-2.3,0.575,1.66,17.4,0.248,0.738,0.489,0.141,0.506,0.5429999999999999,94.83,0.484,1,10,10,10,7,5,15,10,10,5,2,12,11,15,6,3,4,4,11,210,2009-10,0,1610612740,NOP,False
75,9,By Year,2008-09,82,49,33,0.598,3951.0,106.2,104.1,2.0,0.5529999999999999,1.56,16.4,0.24600000000000002,0.7490000000000001,0.498,0.139,0.501,0.5479999999999999,90.04,0.515,1,2,2,2,15,3,7,4,14,8,14,13,7,10,4,5,3,16,4,210,2008-09,1,1610612740,NOP,False
76,10,By Year,2007-08,82,56,26,0.6829999999999999,3961.0,109.0,102.9,6.2,0.564,1.83,17.3,0.27,0.754,0.506,0.128,0.512,0.5479999999999999,92.12,0.526,1,1,1,1,11,1,5,1,12,1,3,8,5,6,2,2,2,9,1,210,2007-08,1,1610612740,NOP,False
77,11,By Year,2006-07,82,39,43,0.47600000000000003,3976.0,101.9,104.0,-2.2,0.517,1.29,15.0,0.29100000000000004,0.747,0.514,0.154,0.479,0.52,92.62,0.485,1,8,8,8,5,11,6,9,16,16,16,4,8,3,11,11,11,7,9,210,2006-07,0,1610612740,NOP,False
78,12,By Year,2005-06,82,38,44,0.46299999999999997,3961.0,100.6,104.4,-3.8,0.537,1.39,15.2,0.26899999999999996,0.7340000000000001,0.495,0.145,0.46399999999999997,0.515,91.32,0.484,1,9,9,9,10,12,8,12,15,14,15,10,12,11,10,14,13,11,10,210,2005-06,0,1610612740,NOP,False
79,13,By Year,2004-05,82,18,64,0.22,3986.0,95.9,105.1,-9.1,0.634,1.42,16.7,0.29100000000000004,0.7070000000000001,0.49,0.161,0.446,0.493,90.39,0.43700000000000006,1,16,16,16,2,16,11,16,1,12,11,5,16,13,14,16,16,15,16,210,2004-05,0,1610612740,NOP,False
80,14,By Year,2003-04,82,41,41,0.5,3966.0,99.1,99.5,-0.3,0.619,1.4,16.5,0.306,0.713,0.504,0.162,0.46,0.505,91.83,0.491,1,7,7,7,7,14,2,7,4,13,13,2,15,8,15,15,15,10,8,210,2003-04,1,1610612740,NOP,False
81,15,By Year,2002-03,82,47,35,0.573,3981.0,100.6,98.4,2.3,0.62,1.49,17.1,0.317,0.731,0.522,0.158,0.465,0.511,92.25,0.517,1,4,4,4,3,13,1,2,3,10,6,1,14,1,12,13,14,8,3,210,2002-03,1,1610612740,NOP,False
104,0,By Year,2017-18,82,24,58,0.293,3961.0,104.1,107.4,-3.3,0.594,1.85,17.6,0.18,0.789,0.474,0.125,0.513,0.544,97.55,0.475,1,19,20,20,10,15,22,20,5,3,6,22,1,19,2,4,13,1,19,210,2017-18,0,1610612742,DAL,False
105,1,By Year,2016-17,82,33,49,0.402,3956.0,103.7,106.3,-2.6,0.574,1.75,16.9,0.18100000000000002,0.7759999999999999,0.46399999999999997,0.126,0.505,0.541,94.16,0.479,1,18,19,18,14,17,21,18,11,6,12,21,2,20,3,9,16,13,18,210,2016-17,0,1610612742,DAL,False
106,2,By Year,2015-16,82,42,40,0.512,4001.0,104.8,104.3,0.6,0.5920000000000001,1.73,17.2,0.20600000000000002,0.762,0.485,0.131,0.502,0.544,96.4,0.503,1,14,16,15,2,13,13,15,6,9,9,20,3,13,6,11,11,4,15,210,2015-16,1,1610612742,DAL,False
107,3,By Year,2014-15,82,50,32,0.61,3976.0,107.2,103.7,3.5,0.5670000000000001,1.74,17.2,0.23600000000000002,0.722,0.478,0.132,0.515,0.55,97.43,0.521,1,11,13,11,6,11,11,11,14,8,8,17,13,18,7,3,8,2,12,210,2014-15,1,1610612742,DAL,False
108,4,By Year,2013-14,82,49,33,0.598,3966.0,109.0,105.9,3.0,0.596,1.74,18.1,0.24600000000000002,0.727,0.488,0.141,0.526,0.564,95.74,0.521,1,13,15,13,9,3,20,12,4,7,3,13,11,11,12,1,2,6,11,210,2013-14,1,1610612742,DAL,False
109,5,By Year,2012-13,82,41,41,0.5,3996.0,103.6,104.0,-0.4,0.599,1.67,17.9,0.218,0.731,0.479,0.14300000000000002,0.506,0.544,96.25,0.502,1,15,17,16,3,18,12,16,3,12,4,19,10,17,14,8,14,5,16,210,2012-13,0,1610612742,DAL,False
110,6,By Year,2011-12,66,36,30,0.545,3213.0,101.0,99.7,1.3,0.575,1.49,16.6,0.23399999999999999,0.748,0.493,0.14800000000000002,0.489,0.527,93.64,0.51,21,17,9,14,21,19,2,14,10,16,16,18,6,9,16,19,19,15,14,210,2011-12,1,1610612742,DAL,False
111,7,By Year,2010-11,82,57,25,0.695,3941.0,107.6,102.3,5.3,0.637,1.71,18.8,0.24100000000000002,0.748,0.504,0.15,0.525,0.565,93.4,0.5379999999999999,1,5,5,5,20,9,8,6,1,10,1,15,7,6,18,2,1,16,4,210,2010-11,1,1610612742,DAL,False
112,8,By Year,2009-10,82,55,27,0.6709999999999999,3976.0,107.1,103.2,4.0,0.611,1.81,18.2,0.243,0.737,0.493,0.136,0.506,0.552,94.76,0.534,1,7,7,7,6,12,10,10,2,5,2,14,9,10,9,7,6,12,7,210,2009-10,1,1610612742,DAL,False
113,9,By Year,2008-09,82,50,32,0.61,3961.0,108.1,105.3,2.8,0.569,1.71,17.1,0.266,0.746,0.508,0.135,0.504,0.55,93.85,0.522,1,11,13,11,13,8,18,13,12,11,10,9,8,5,8,10,7,14,10,210,2008-09,1,1610612742,DAL,False
114,10,By Year,2007-08,82,51,31,0.622,3946.0,108.6,103.1,5.4,0.569,1.66,16.9,0.267,0.75,0.516,0.13699999999999998,0.502,0.5539999999999999,92.47,0.536,1,10,11,10,17,5,9,5,13,13,13,8,5,3,10,12,4,18,6,210,2007-08,1,1610612742,DAL,False
115,11,By Year,2006-07,82,67,15,0.8170000000000001,3951.0,108.5,100.6,7.9,0.542,1.43,16.1,0.287,0.75,0.524,0.151,0.509,0.5589999999999999,91.9,0.552,1,1,1,1,16,6,4,2,18,18,18,5,4,2,20,5,3,19,1,210,2006-07,1,1610612742,DAL,False
116,12,By Year,2005-06,82,60,22,0.732,3976.0,108.7,101.9,6.8,0.5,1.32,14.8,0.318,0.722,0.524,0.149,0.495,0.55,90.33,0.551,1,2,2,2,6,4,6,3,22,20,22,1,12,1,17,15,9,21,2,210,2005-06,1,1610612742,DAL,False
117,13,By Year,2004-05,82,58,24,0.7070000000000001,3946.0,107.5,101.0,6.4,0.526,1.46,15.4,0.28600000000000003,0.7020000000000001,0.499,0.141,0.49200000000000005,0.545,95.33,0.537,1,4,4,4,17,10,5,4,21,17,19,6,18,7,13,17,10,9,5,210,2004-05,1,1610612742,DAL,False
118,14,By Year,2003-04,82,52,30,0.634,3961.0,109.6,104.3,5.2,0.591,1.96,17.8,0.314,0.716,0.51,0.127,0.495,0.536,95.68,0.526,1,9,9,9,10,1,14,7,8,1,5,2,14,4,5,16,17,7,8,210,2003-04,1,1610612742,DAL,False
119,15,By Year,2002-03,82,60,22,0.732,3956.0,108.2,99.4,8.8,0.581,1.94,17.4,0.254,0.7090000000000001,0.48100000000000004,0.121,0.498,0.5429999999999999,95.01,0.546,1,2,2,2,14,7,1,1,9,2,7,12,15,15,1,13,15,11,3,210,2002-03,1,1610612742,DAL,False
120,16,By Year,2001-02,82,57,25,0.695,3976.0,109.5,104.8,4.7,0.5660000000000001,1.83,17.1,0.261,0.7070000000000001,0.48700000000000004,0.126,0.507,0.5529999999999999,95.27,0.517,1,5,5,5,5,2,17,8,16,4,11,10,16,12,4,6,5,10,13,210,2001-02,1,1610612742,DAL,False
121,17,By Year,2000-01,82,53,29,0.6459999999999999,3961.0,104.5,100.1,4.4,0.564,1.52,16.6,0.24100000000000002,0.7070000000000001,0.48,0.145,0.498,0.544,95.52,0.523,1,8,8,8,10,14,3,9,17,15,15,16,17,16,15,14,12,8,9,210,2000-01,1,1610612742,DAL,False
122,18,By Year,1999-00,82,40,42,0.488,3946.0,103.8,104.5,-0.7,0.5670000000000001,1.61,16.8,0.255,0.6609999999999999,0.45899999999999996,0.14,0.49,0.532,97.39,0.493,1,16,18,17,17,16,16,17,15,14,14,11,21,22,11,18,18,3,17,210,1999-00,0,1610612742,DAL,False
123,19,By Year,1998-99,50,19,31,0.38,2415.0,99.3,102.2,-2.9,0.527,1.33,14.9,0.298,0.691,0.493,0.15,0.45899999999999996,0.502,91.57,0.474,22,22,11,19,22,20,7,19,20,19,21,4,19,8,19,21,21,20,20,210,1998-99,0,1610612742,DAL,False
124,20,By Year,1997-98,82,20,62,0.244,3984.0,97.4,104.4,-7.0,0.5329999999999999,1.3,15.0,0.276,0.6509999999999999,0.46,0.154,0.45799999999999996,0.498,92.47,0.446,1,21,22,22,4,22,15,21,19,21,20,7,22,21,21,22,22,17,22,210,1997-98,0,1610612742,DAL,False
125,21,By Year,1996-97,82,24,58,0.293,4091.0,98.0,105.7,-7.7,0.591,1.26,16.2,0.3,0.6729999999999999,0.484,0.175,0.469,0.509,88.6,0.449,1,19,20,20,1,21,19,22,7,22,17,3,20,14,22,20,20,22,21,210,1996-97,0,1610612742,DAL,False
126,0,By Year,2017-18,82,46,36,0.561,3976.0,109.6,108.8,0.8,0.617,1.68,18.4,0.257,0.775,0.517,0.149,0.536,0.57,99.07,0.511,1,7,8,8,5,2,20,10,8,4,1,20,2,4,8,1,2,5,10,210,2017-18,0,1610612743,DEN,False
127,1,By Year,2016-17,82,40,42,0.488,3951.0,110.0,110.5,-0.5,0.615,1.69,18.3,0.273,0.787,0.532,0.147,0.53,0.568,100.7,0.503,1,11,13,12,13,1,22,12,9,2,2,15,1,1,6,2,3,2,12,210,2016-17,0,1610612743,DEN,False
128,2,By Year,2015-16,82,33,49,0.402,3966.0,102.7,106.4,-3.7,0.601,1.55,17.0,0.258,0.773,0.511,0.14800000000000002,0.489,0.531,98.16,0.479,1,16,17,16,8,13,17,16,13,10,15,19,3,6,7,11,13,7,16,210,2015-16,0,1610612743,DEN,False
129,3,By Year,2014-15,82,30,52,0.366,3976.0,101.6,105.5,-3.9,0.5770000000000001,1.53,16.3,0.266,0.747,0.498,0.142,0.479,0.518,98.67,0.465,1,17,18,17,4,14,16,17,19,11,19,17,5,14,2,15,15,6,17,210,2014-15,0,1610612743,DEN,False
130,4,By Year,2013-14,82,36,46,0.439,3951.0,103.3,105.4,-2.1,0.584,1.41,16.5,0.275,0.745,0.509,0.157,0.49700000000000005,0.536,100.68,0.48100000000000004,1,14,15,14,15,11,15,15,17,17,17,13,6,7,14,10,10,3,14,210,2013-14,0,1610612743,DEN,False
131,5,By Year,2012-13,82,57,25,0.695,3981.0,107.6,102.0,5.6,0.6,1.6,17.9,0.314,0.718,0.52,0.155,0.515,0.5489999999999999,97.76,0.5379999999999999,1,1,1,1,3,6,4,1,14,6,6,1,13,2,10,5,8,9,1,210,2012-13,1,1610612743,DEN,False
132,6,By Year,2011-12,66,38,28,0.5760000000000001,3208.0,106.5,103.4,3.1,0.615,1.56,18.0,0.27699999999999997,0.743,0.517,0.157,0.516,0.556,96.65,0.527,21,13,2,7,21,8,10,6,10,9,5,12,7,3,13,4,7,13,5,210,2011-12,1,1610612743,DEN,False
133,7,By Year,2010-11,82,50,32,0.61,3941.0,109.5,104.8,4.7,0.5760000000000001,1.57,17.0,0.239,0.754,0.504,0.14400000000000002,0.526,0.574,97.94,0.524,1,4,5,4,20,3,13,2,20,8,14,22,4,9,4,3,1,8,6,210,2010-11,1,1610612743,DEN,False
134,8,By Year,2009-10,82,53,29,0.6459999999999999,3956.0,108.7,104.7,4.0,0.55,1.51,16.2,0.261,0.7240000000000001,0.495,0.141,0.509,0.561,97.34,0.524,1,3,4,3,10,4,12,4,22,12,20,18,9,17,1,8,5,11,7,210,2009-10,1,1610612743,DEN,False
135,9,By Year,2008-09,82,54,28,0.659,3946.0,107.5,103.5,4.0,0.595,1.45,17.0,0.275,0.7170000000000001,0.502,0.158,0.512,0.563,97.0,0.529,1,2,2,2,16,7,11,5,16,15,12,14,16,10,15,6,4,12,3,210,2008-09,1,1610612743,DEN,False
136,10,By Year,2007-08,82,50,32,0.61,3971.0,107.6,103.2,4.4,0.612,1.68,17.8,0.255,0.721,0.493,0.14300000000000002,0.51,0.557,102.32,0.529,1,4,5,4,7,5,9,3,11,3,7,21,10,20,3,7,6,1,4,210,2007-08,1,1610612743,DEN,False
137,11,By Year,2006-07,82,45,37,0.5489999999999999,3956.0,104.9,102.7,2.2,0.607,1.42,17.2,0.289,0.718,0.507,0.16399999999999998,0.501,0.5479999999999999,100.19,0.514,1,8,10,9,10,9,6,8,12,16,11,8,14,8,19,9,9,4,8,210,2006-07,1,1610612743,DEN,False
138,12,By Year,2005-06,82,44,38,0.537,3986.0,102.8,102.1,0.7,0.624,1.58,17.7,0.268,0.72,0.49700000000000005,0.152,0.488,0.535,96.6,0.512,1,9,11,10,2,12,5,11,6,7,8,16,11,15,9,12,11,14,9,210,2005-06,1,1610612743,DEN,False
139,13,By Year,2004-05,82,49,33,0.598,3951.0,103.4,100.7,2.7,0.645,1.6,18.1,0.284,0.7170000000000001,0.502,0.155,0.483,0.535,96.13,0.531,1,6,7,6,13,10,3,7,3,5,4,10,15,12,11,14,12,15,2,210,2004-05,1,1610612743,DEN,False
140,14,By Year,2003-04,82,43,39,0.524,3946.0,100.8,99.9,0.9,0.599,1.4,16.6,0.305,0.693,0.496,0.162,0.467,0.517,96.1,0.505,1,10,12,11,16,17,2,9,15,18,16,4,19,16,18,18,17,16,11,210,2003-04,1,1610612743,DEN,False
141,15,By Year,2002-03,82,17,65,0.207,3946.0,88.9,99.0,-10.0,0.6459999999999999,1.15,16.4,0.313,0.733,0.513,0.195,0.428,0.469,93.78,0.425,1,20,21,21,16,22,1,21,2,22,18,2,8,5,22,22,22,18,21,210,2002-03,0,1610612743,DEN,False
142,16,By Year,2001-02,82,27,55,0.32899999999999996,3961.0,97.8,104.9,-7.1,0.623,1.51,17.0,0.306,0.6990000000000001,0.493,0.156,0.455,0.495,93.26,0.442,1,18,19,18,9,20,14,20,7,13,13,3,18,18,12,20,21,20,20,210,2001-02,0,1610612743,DEN,False
143,17,By Year,2000-01,82,40,42,0.488,3956.0,101.1,103.1,-2.0,0.6609999999999999,1.73,18.2,0.28300000000000003,0.718,0.498,0.145,0.47,0.511,95.32,0.48,1,11,13,12,10,16,8,13,1,1,3,11,12,13,5,17,18,17,15,210,2000-01,0,1610612743,DEN,False
144,18,By Year,1999-00,82,35,47,0.42700000000000005,3971.0,100.8,102.8,-2.0,0.625,1.49,17.3,0.292,0.716,0.502,0.159,0.47600000000000003,0.517,97.38,0.483,1,15,16,15,6,18,7,14,5,14,10,7,17,11,17,16,16,10,13,210,1999-00,0,1610612743,DEN,False
145,19,By Year,1998-99,50,14,36,0.28,2405.0,100.2,106.8,-6.5,0.5760000000000001,1.31,15.4,0.301,0.6920000000000001,0.49,0.158,0.45899999999999996,0.511,93.32,0.442,22,21,8,19,22,19,18,18,21,20,21,6,21,21,16,19,19,19,19,210,1998-99,0,1610612743,DEN,False
146,20,By Year,1997-98,82,11,71,0.134,3946.0,95.7,109.1,-13.4,0.578,1.18,15.1,0.302,0.6629999999999999,0.478,0.172,0.44,0.496,92.49,0.40700000000000003,1,22,22,22,19,21,21,22,18,21,22,5,22,22,21,21,20,21,22,210,1997-98,0,1610612743,DEN,False
147,21,By Year,1996-97,82,21,61,0.256,4117.0,101.2,108.2,-7.0,0.644,1.39,17.5,0.28800000000000003,0.693,0.493,0.171,0.486,0.53,92.21,0.461,1,19,20,20,1,15,19,19,4,19,9,9,20,19,20,13,14,22,18,210,1996-97,0,1610612743,DEN,False
148,0,By Year,2017-18,82,58,24,0.7070000000000001,3946.0,112.3,104.2,8.0,0.685,1.9,21.1,0.21100000000000002,0.763,0.506,0.153,0.569,0.603,101.85,0.5539999999999999,1,4,4,4,20,3,11,4,2,3,2,21,1,8,11,1,1,3,4,210,2017-18,1,1610612744,GSW,False
149,1,By Year,2016-17,82,67,15,0.8170000000000001,3956.0,113.2,101.1,12.1,0.705,2.06,21.4,0.228,0.7490000000000001,0.505,0.14400000000000002,0.563,0.597,102.24,0.579,1,2,2,2,11,1,5,1,1,1,1,20,5,9,6,2,2,2,1,210,2016-17,1,1610612744,GSW,False
150,2,By Year,2015-16,82,73,9,0.89,3976.0,112.5,100.9,11.6,0.68,1.91,20.5,0.235,0.76,0.513,0.149,0.563,0.593,101.65,0.5670000000000001,1,1,1,1,3,2,4,2,3,2,3,18,3,4,9,3,3,4,3,210,2015-16,1,1610612744,GSW,False
151,3,By Year,2014-15,82,67,15,0.8170000000000001,3946.0,109.7,98.2,11.4,0.659,1.9,19.9,0.24100000000000002,0.745,0.501,0.14400000000000002,0.54,0.5710000000000001,100.69,0.569,1,2,2,2,18,4,1,3,4,4,4,17,6,11,5,4,4,8,2,210,2014-15,1,1610612744,GSW,False
152,4,By Year,2013-14,82,51,31,0.622,3966.0,105.3,99.9,5.4,0.591,1.53,17.5,0.251,0.763,0.511,0.154,0.517,0.55,98.53,0.528,1,5,6,5,6,9,3,5,12,9,6,16,2,6,12,5,6,9,5,210,2013-14,1,1610612744,GSW,False
153,5,By Year,2012-13,82,47,35,0.573,3961.0,104.2,102.6,1.7,0.589,1.49,17.3,0.254,0.755,0.513,0.155,0.506,0.545,96.81,0.502,1,7,8,7,10,12,7,7,14,11,8,15,4,5,13,10,10,14,6,210,2012-13,1,1610612744,GSW,False
154,6,By Year,2011-12,66,23,43,0.348,3183.0,103.1,106.0,-3.0,0.591,1.61,17.6,0.22899999999999998,0.691,0.461,0.146,0.505,0.539,94.71,0.47200000000000003,21,17,10,17,21,14,16,14,13,7,5,19,16,21,8,11,13,18,15,210,2011-12,0,1610612744,GSW,False
155,7,By Year,2010-11,82,36,46,0.439,3966.0,105.5,107.6,-2.1,0.568,1.54,17.0,0.267,0.693,0.475,0.149,0.51,0.544,97.38,0.47200000000000003,1,11,13,11,6,7,19,13,18,8,9,12,15,18,10,9,11,12,14,210,2010-11,0,1610612744,GSW,False
156,8,By Year,2009-10,82,26,56,0.317,3946.0,105.4,109.4,-3.9,0.552,1.53,16.6,0.209,0.685,0.444,0.142,0.514,0.557,102.72,0.47,1,16,18,18,19,8,21,17,20,10,12,22,19,22,3,6,5,1,16,210,2009-10,0,1610612744,GSW,False
157,9,By Year,2008-09,82,29,53,0.354,3976.0,106.6,110.1,-3.5,0.53,1.42,15.5,0.261,0.6809999999999999,0.47200000000000003,0.14400000000000002,0.49700000000000005,0.5489999999999999,100.95,0.478,1,15,17,16,4,6,22,15,22,14,21,13,20,19,4,12,7,7,11,210,2008-09,0,1610612744,GSW,False
158,10,By Year,2007-08,82,48,34,0.585,3956.0,109.1,106.6,2.6,0.539,1.69,16.3,0.272,0.703,0.479,0.13,0.511,0.5479999999999999,101.42,0.496,1,6,7,6,11,5,18,6,21,5,14,10,10,16,1,8,8,6,7,210,2007-08,0,1610612744,GSW,False
159,11,By Year,2006-07,82,42,40,0.512,3951.0,104.7,104.5,0.2,0.598,1.49,17.4,0.256,0.696,0.47200000000000003,0.157,0.512,0.5479999999999999,101.64,0.489,1,8,9,8,17,11,12,8,10,12,7,14,13,20,14,7,9,5,10,210,2006-07,1,1610612744,GSW,False
160,12,By Year,2005-06,82,34,48,0.415,3966.0,101.9,103.5,-1.6,0.5760000000000001,1.47,16.0,0.26899999999999996,0.716,0.48700000000000004,0.146,0.479,0.521,95.82,0.475,1,12,14,13,6,16,9,11,16,13,17,11,8,15,7,14,15,17,12,210,2005-06,0,1610612744,GSW,False
161,13,By Year,2004-05,82,34,48,0.415,3981.0,101.9,104.0,-2.0,0.598,1.63,16.7,0.278,0.6970000000000001,0.478,0.14,0.475,0.512,95.85,0.473,1,12,14,13,2,15,10,12,11,6,11,9,11,17,2,15,17,16,13,210,2004-05,0,1610612744,GSW,False
162,14,By Year,2003-04,82,37,45,0.451,3971.0,100.5,101.2,-0.7,0.585,1.39,16.3,0.284,0.721,0.502,0.159,0.475,0.517,92.06,0.491,1,10,12,10,5,17,6,9,15,16,15,8,7,10,15,16,16,20,9,210,2003-04,0,1610612744,GSW,False
163,15,By Year,2002-03,82,38,44,0.46299999999999997,3951.0,105.0,106.0,-1.0,0.5589999999999999,1.32,15.6,0.35,0.679,0.516,0.162,0.47200000000000003,0.526,97.25,0.49200000000000005,1,9,11,9,15,10,17,10,19,19,20,3,21,3,17,17,14,13,8,210,2002-03,0,1610612744,GSW,False
164,16,By Year,2001-02,82,21,61,0.256,3956.0,99.3,105.6,-6.3,0.569,1.24,15.4,0.353,0.6940000000000001,0.519,0.171,0.452,0.499,97.49,0.456,1,18,19,19,14,18,14,19,17,22,22,1,14,2,20,18,18,11,19,210,2001-02,0,1610612744,GSW,False
165,17,By Year,2000-01,82,17,65,0.207,3956.0,94.5,104.9,-10.4,0.609,1.37,16.0,0.33299999999999996,0.6970000000000001,0.5,0.162,0.429,0.47,96.8,0.42700000000000005,1,22,22,22,11,21,13,22,6,17,16,5,12,12,18,21,21,15,21,210,2000-01,0,1610612744,GSW,False
166,18,By Year,1999-00,82,19,63,0.23199999999999998,3951.0,96.9,105.8,-8.9,0.618,1.42,16.5,0.326,0.691,0.49700000000000005,0.161,0.444,0.484,98.0,0.431,1,20,20,20,15,19,15,20,5,15,13,6,17,14,16,19,19,10,20,210,1999-00,0,1610612744,GSW,False
167,19,By Year,1998-99,50,21,29,0.42,2425.0,95.1,98.7,-3.6,0.599,1.35,16.0,0.35200000000000004,0.7040000000000001,0.524,0.165,0.434,0.47100000000000003,91.47,0.466,22,18,5,12,22,20,2,16,9,18,18,2,9,1,19,20,20,22,17,210,1998-99,0,1610612744,GSW,False
168,20,By Year,1997-98,82,19,63,0.23199999999999998,3966.0,92.7,102.8,-10.1,0.6,1.25,15.8,0.337,0.6859999999999999,0.506,0.175,0.42700000000000005,0.46799999999999997,94.24,0.423,1,20,20,20,6,22,8,21,8,21,19,4,18,7,21,22,22,19,22,210,1997-98,0,1610612744,GSW,False
169,21,By Year,1996-97,82,30,52,0.366,4109.0,104.1,108.9,-4.8,0.608,1.29,16.9,0.32299999999999995,0.675,0.499,0.18,0.493,0.5429999999999999,91.76,0.46399999999999997,1,14,16,15,1,13,20,18,7,20,10,7,22,13,22,13,12,21,18,210,1996-97,0,1610612744,GSW,False
170,0,By Year,2017-18,82,65,17,0.7929999999999999,3951.0,112.2,103.8,8.5,0.557,1.56,16.5,0.213,0.799,0.508,0.138,0.551,0.59,99.73,0.531,1,1,1,1,19,1,16,1,19,4,14,22,1,10,2,1,1,3,4,210,2017-18,1,1610612745,HOU,False
171,1,By Year,2016-17,82,55,27,0.6709999999999999,3956.0,111.8,106.4,5.4,0.626,1.67,18.1,0.24600000000000002,0.758,0.502,0.147,0.545,0.583,102.54,0.516,1,4,5,4,17,2,22,4,2,2,2,21,3,16,3,2,2,1,9,210,2016-17,1,1610612745,HOU,False
172,2,By Year,2015-16,82,41,41,0.5,3966.0,105.5,105.6,-0.2,0.589,1.39,16.5,0.257,0.728,0.491,0.158,0.516,0.5529999999999999,100.08,0.49,1,16,18,18,10,7,19,17,10,12,13,18,14,22,12,6,6,2,20,210,2015-16,1,1610612745,HOU,False
173,3,By Year,2014-15,82,56,26,0.6829999999999999,3961.0,104.2,100.5,3.7,0.6,1.33,16.6,0.268,0.7290000000000001,0.499,0.16699999999999998,0.512,0.5479999999999999,99.25,0.509,1,3,4,3,15,11,7,9,8,15,10,13,13,18,16,7,8,4,15,210,2014-15,1,1610612745,HOU,False
174,4,By Year,2013-14,82,54,28,0.659,3966.0,108.6,103.1,5.5,0.563,1.33,16.2,0.27399999999999997,0.741,0.521,0.163,0.531,0.5710000000000001,98.81,0.534,1,6,7,6,10,3,13,3,17,16,17,10,10,2,14,3,3,5,3,210,2013-14,1,1610612745,HOU,False
175,5,By Year,2012-13,82,45,37,0.5489999999999999,3956.0,106.7,103.5,3.3,0.609,1.41,17.4,0.264,0.752,0.51,0.166,0.525,0.564,98.64,0.51,1,10,12,11,17,5,15,10,6,11,4,16,5,7,15,4,4,6,13,210,2012-13,1,1610612745,HOU,False
176,6,By Year,2011-12,66,34,32,0.515,3213.0,102.7,102.1,0.6,0.564,1.47,16.6,0.275,0.7340000000000001,0.502,0.152,0.49200000000000005,0.529,94.32,0.49700000000000005,21,18,11,16,21,16,12,16,16,8,12,9,12,15,8,15,17,10,16,210,2011-12,0,1610612745,HOU,False
177,7,By Year,2010-11,82,43,39,0.524,3976.0,108.0,106.2,1.8,0.617,1.76,17.8,0.27399999999999997,0.727,0.5,0.138,0.503,0.55,96.87,0.515,1,13,15,14,6,4,21,13,3,1,3,11,15,17,1,9,7,7,10,210,2010-11,0,1610612745,HOU,False
178,8,By Year,2009-10,82,42,40,0.512,3981.0,104.5,105.5,-1.0,0.579,1.51,16.6,0.26899999999999996,0.738,0.495,0.14800000000000002,0.494,0.537,96.55,0.489,1,15,17,17,5,9,17,18,14,6,11,12,11,20,5,14,14,9,21,210,2009-10,0,1610612745,HOU,False
179,9,By Year,2008-09,82,53,29,0.6459999999999999,3961.0,105.4,101.4,4.0,0.562,1.44,16.3,0.264,0.753,0.519,0.151,0.501,0.5479999999999999,92.67,0.53,1,7,8,7,15,8,10,8,18,10,16,15,4,3,7,10,9,15,5,210,2008-09,1,1610612745,HOU,False
180,10,By Year,2007-08,82,55,27,0.6709999999999999,3946.0,103.9,98.8,5.0,0.585,1.56,16.9,0.29100000000000004,0.748,0.523,0.147,0.49200000000000005,0.528,92.88,0.535,1,4,5,4,20,13,3,5,12,3,8,4,6,1,4,17,18,14,2,210,2007-08,1,1610612745,HOU,False
181,11,By Year,2006-07,82,52,30,0.634,3971.0,104.0,97.5,6.4,0.586,1.47,16.7,0.257,0.77,0.515,0.152,0.499,0.54,93.04,0.529,1,8,9,8,7,12,2,2,11,9,9,19,2,6,9,11,12,12,6,210,2006-07,1,1610612745,HOU,False
182,12,By Year,2005-06,82,34,48,0.415,3966.0,98.9,100.6,-1.7,0.583,1.32,16.0,0.255,0.746,0.505,0.16,0.47100000000000003,0.519,90.39,0.49,1,18,20,20,10,21,8,21,13,17,18,20,7,12,13,21,21,21,19,210,2005-06,0,1610612745,HOU,False
183,13,By Year,2004-05,82,51,31,0.622,3971.0,103.2,98.9,4.3,0.609,1.53,17.1,0.263,0.745,0.51,0.15,0.486,0.534,91.28,0.527,1,9,10,9,8,15,4,7,5,5,7,17,9,8,6,18,16,19,7,210,2004-05,1,1610612745,HOU,False
184,14,By Year,2003-04,82,45,37,0.5489999999999999,3986.0,98.1,96.4,1.8,0.5770000000000001,1.15,15.9,0.265,0.745,0.517,0.183,0.484,0.528,90.28,0.513,1,10,12,11,4,22,1,14,15,22,19,14,8,5,22,19,19,22,11,210,2003-04,1,1610612745,HOU,False
185,15,By Year,2002-03,82,43,39,0.524,3986.0,101.0,99.9,1.1,0.53,1.18,14.8,0.303,0.7240000000000001,0.518,0.168,0.474,0.522,91.46,0.511,1,13,15,14,3,19,5,15,21,21,21,1,16,4,18,20,20,16,12,210,2002-03,0,1610612745,HOU,False
186,16,By Year,2001-02,82,28,54,0.341,3996.0,99.7,105.9,-6.1,0.522,1.28,14.7,0.29,0.698,0.49200000000000005,0.152,0.465,0.507,90.84,0.45799999999999996,1,22,22,22,2,20,20,22,22,19,22,5,21,21,10,22,22,20,22,210,2001-02,0,1610612745,HOU,False
187,17,By Year,2000-01,82,45,37,0.5489999999999999,3966.0,103.6,101.7,1.9,0.5479999999999999,1.34,15.8,0.275,0.7190000000000001,0.503,0.156,0.49200000000000005,0.5379999999999999,92.91,0.509,1,10,12,11,10,14,11,12,20,14,20,8,17,13,11,16,13,13,14,210,2000-01,0,1610612745,HOU,False
188,18,By Year,1999-00,82,34,48,0.415,3966.0,101.6,103.1,-1.5,0.591,1.24,16.4,0.29100000000000004,0.716,0.508,0.17800000000000002,0.494,0.536,96.84,0.49,1,18,20,20,10,18,14,20,9,20,15,3,18,11,21,13,15,8,18,210,1999-00,0,1610612745,HOU,False
189,19,By Year,1998-99,50,31,19,0.62,2415.0,102.5,100.1,2.4,0.603,1.3,17.1,0.278,0.6990000000000001,0.503,0.177,0.506,0.545,91.31,0.523,22,21,2,10,22,17,6,11,7,18,5,7,20,14,20,8,10,18,8,210,1998-99,1,1610612745,HOU,False
190,20,By Year,1997-98,82,41,41,0.5,3969.0,104.4,105.6,-1.2,0.611,1.39,17.1,0.298,0.693,0.498,0.16699999999999998,0.496,0.544,93.65,0.49,1,16,18,18,9,10,18,19,4,13,6,2,22,19,17,12,11,11,17,210,1997-98,1,1610612745,HOU,False
191,21,By Year,1996-97,82,57,25,0.695,4089.0,105.8,101.4,4.4,0.6629999999999999,1.47,18.7,0.284,0.7140000000000001,0.51,0.175,0.52,0.56,91.39,0.536,1,2,3,2,1,6,9,6,1,7,1,6,19,9,19,5,5,17,1,210,1996-97,1,1610612745,HOU,False
192,0,By Year,2017-18,82,42,40,0.512,3941.0,107.7,107.7,0.0,0.555,1.52,16.7,0.235,0.7609999999999999,0.501,0.145,0.527,0.564,101.06,0.49700000000000005,1,7,8,8,18,4,20,8,18,7,11,18,2,11,6,3,4,1,10,210,2017-18,0,1610612746,LAC,False
193,1,By Year,2016-17,82,51,31,0.622,3951.0,110.3,105.8,4.5,0.57,1.74,17.3,0.215,0.769,0.499,0.131,0.537,0.574,98.22,0.527,1,5,6,5,12,1,13,5,14,4,6,21,1,12,2,1,1,3,5,210,2016-17,1,1610612746,LAC,False
194,2,By Year,2015-16,82,53,29,0.6459999999999999,3966.0,106.5,100.9,5.5,0.596,1.76,17.6,0.201,0.738,0.474,0.132,0.524,0.556,97.97,0.5329999999999999,1,4,5,4,6,6,2,4,9,3,5,22,7,21,3,6,6,4,4,210,2015-16,1,1610612746,LAC,False
195,3,By Year,2014-15,82,56,26,0.6829999999999999,3946.0,109.8,103.0,6.9,0.629,2.01,18.8,0.228,0.757,0.498,0.127,0.5329999999999999,0.565,96.96,0.54,1,2,2,2,15,2,8,2,2,1,1,20,4,13,1,2,3,5,3,210,2014-15,1,1610612746,LAC,False
196,4,By Year,2013-14,82,57,25,0.695,3951.0,109.4,102.1,7.3,0.628,1.77,18.4,0.25,0.725,0.496,0.14,0.526,0.5670000000000001,98.39,0.5479999999999999,1,1,1,1,12,3,5,1,3,2,3,17,12,15,4,4,2,2,2,210,2013-14,1,1610612746,LAC,False
197,5,By Year,2012-13,82,56,26,0.6829999999999999,3946.0,107.7,101.0,6.7,0.62,1.64,18.5,0.28800000000000003,0.735,0.516,0.156,0.526,0.557,93.56,0.5479999999999999,1,2,2,2,15,5,3,3,4,5,2,9,8,2,9,5,5,15,1,210,2012-13,1,1610612746,LAC,False
198,6,By Year,2011-12,66,40,26,0.606,3193.0,105.2,102.9,2.2,0.568,1.58,16.7,0.295,0.732,0.511,0.14400000000000002,0.502,0.5329999999999999,91.79,0.517,21,8,2,6,21,7,7,7,15,6,12,7,10,6,5,7,10,21,8,210,2011-12,1,1610612746,LAC,False
199,7,By Year,2010-11,82,32,50,0.39,3971.0,101.8,106.3,-4.5,0.601,1.35,16.9,0.284,0.732,0.51,0.16899999999999998,0.496,0.535,95.47,0.483,1,13,14,13,5,12,15,15,8,15,9,10,9,7,20,8,9,7,12,210,2010-11,0,1610612746,LAC,False
200,8,By Year,2009-10,82,29,53,0.354,3941.0,100.9,107.1,-6.3,0.603,1.41,17.2,0.271,0.74,0.504,0.165,0.491,0.529,94.96,0.465,1,15,16,15,18,14,18,17,7,14,7,13,6,9,13,9,12,9,16,210,2009-10,0,1610612746,LAC,False
201,9,By Year,2008-09,82,19,63,0.23199999999999998,3976.0,99.5,108.8,-9.2,0.583,1.41,16.5,0.251,0.7120000000000001,0.475,0.156,0.48100000000000004,0.52,94.57,0.441,1,19,20,19,4,17,22,20,11,13,14,16,14,20,10,12,14,10,19,210,2008-09,0,1610612746,LAC,False
202,10,By Year,2007-08,82,23,59,0.28,3961.0,98.8,106.4,-7.6,0.614,1.47,16.8,0.231,0.731,0.479,0.152,0.465,0.519,94.35,0.461,1,18,19,18,7,19,16,18,5,9,10,19,11,17,7,19,15,11,18,210,2007-08,0,1610612746,LAC,False
203,11,By Year,2006-07,82,40,42,0.488,3946.0,102.4,102.8,-0.4,0.612,1.42,17.1,0.272,0.747,0.512,0.162,0.48100000000000004,0.537,93.2,0.509,1,8,10,9,15,9,6,9,6,11,8,12,5,5,12,13,8,16,9,210,2006-07,0,1610612746,LAC,False
204,12,By Year,2005-06,82,47,35,0.573,3961.0,102.9,100.7,2.3,0.5710000000000001,1.44,16.6,0.254,0.759,0.518,0.153,0.48700000000000004,0.54,94.11,0.523,1,6,7,7,10,8,1,6,13,10,13,15,3,1,8,10,7,12,6,210,2005-06,1,1610612746,LAC,False
205,13,By Year,2004-05,82,37,45,0.451,4006.0,102.2,103.4,-1.2,0.65,1.47,18.0,0.303,0.713,0.515,0.168,0.47700000000000004,0.5329999999999999,91.85,0.518,1,11,12,11,2,10,10,11,1,8,4,5,13,3,18,14,11,20,7,210,2004-05,0,1610612746,LAC,False
206,14,By Year,2003-04,82,28,54,0.341,3961.0,99.8,105.9,-6.1,0.5870000000000001,1.23,15.6,0.32799999999999996,0.7,0.513,0.17300000000000001,0.45299999999999996,0.512,93.8,0.46399999999999997,1,16,17,16,7,16,14,16,10,18,17,1,17,4,22,22,20,14,17,210,2003-04,0,1610612746,LAC,False
207,15,By Year,2002-03,82,27,55,0.32899999999999996,3951.0,99.5,103.6,-4.1,0.5660000000000001,1.24,15.5,0.29100000000000004,0.7020000000000001,0.49700000000000005,0.16699999999999998,0.467,0.516,94.03,0.47,1,17,18,17,12,18,11,14,16,17,18,8,16,14,14,18,18,13,15,210,2002-03,0,1610612746,LAC,False
208,16,By Year,2001-02,82,39,43,0.47600000000000003,3961.0,102.0,103.2,-1.2,0.5770000000000001,1.41,16.3,0.313,0.6990000000000001,0.508,0.158,0.47600000000000003,0.519,92.9,0.495,1,10,11,10,7,11,9,10,12,12,15,2,18,8,11,16,16,17,11,210,2001-02,0,1610612746,LAC,False
209,17,By Year,2000-01,82,31,51,0.37799999999999995,4006.0,98.4,101.8,-3.5,0.547,1.23,15.5,0.28300000000000003,0.711,0.503,0.168,0.47600000000000003,0.514,92.15,0.47600000000000003,1,14,15,14,2,20,4,13,19,19,19,11,15,10,17,17,19,19,13,210,2000-01,0,1610612746,LAC,False
210,18,By Year,1999-00,82,15,67,0.183,3940.0,95.2,107.3,-12.2,0.514,1.12,14.3,0.261,0.696,0.47100000000000003,0.16699999999999998,0.45799999999999996,0.499,96.48,0.41100000000000003,1,21,22,21,20,22,19,22,21,21,21,14,19,22,15,20,21,6,21,210,1999-00,0,1610612746,LAC,False
211,19,By Year,1998-99,50,9,41,0.18,2425.0,96.6,107.0,-10.4,0.479,1.03,13.3,0.306,0.669,0.47700000000000004,0.17,0.45399999999999996,0.49700000000000005,92.17,0.402,22,22,9,22,22,21,17,21,22,22,22,4,21,18,21,21,22,18,22,210,1998-99,0,1610612746,LAC,False
212,20,By Year,1997-98,82,17,65,0.207,3956.0,99.9,108.3,-8.4,0.523,1.16,14.7,0.29600000000000004,0.6609999999999999,0.47700000000000004,0.168,0.47700000000000004,0.518,95.2,0.43700000000000006,1,20,21,20,11,15,21,19,20,20,20,6,22,19,19,15,17,8,20,210,1997-98,0,1610612746,LAC,False
213,21,By Year,1996-97,82,36,46,0.439,4124.0,101.8,104.9,-3.1,0.556,1.27,15.7,0.308,0.6809999999999999,0.488,0.16699999999999998,0.48200000000000004,0.524,90.83,0.475,1,12,13,12,1,13,12,12,17,16,16,3,20,16,16,11,13,22,14,210,1996-97,1,1610612746,LAC,False
214,0,By Year,2017-18,82,35,47,0.42700000000000005,3981.0,104.2,105.6,-1.4,0.584,1.51,17.2,0.23600000000000002,0.777,0.509,0.152,0.517,0.5479999999999999,102.62,0.491,1,16,17,17,5,15,16,17,14,15,11,20,1,10,15,3,6,1,17,210,2017-18,0,1610612747,LAL,False
215,1,By Year,2016-17,82,26,56,0.317,3941.0,103.4,110.6,-7.2,0.532,1.38,15.7,0.25,0.758,0.495,0.15,0.501,0.537,100.8,0.446,1,20,20,20,19,17,22,20,21,21,21,19,3,19,12,9,12,3,21,210,2016-17,0,1610612747,LAL,False
216,2,By Year,2015-16,82,17,65,0.207,3946.0,98.6,109.3,-10.7,0.513,1.31,14.1,0.231,0.747,0.48,0.139,0.46,0.509,97.99,0.424,1,22,22,22,18,22,21,22,22,22,22,21,5,21,4,22,22,5,22,210,2015-16,0,1610612747,LAL,False
217,3,By Year,2014-15,82,21,61,0.256,3986.0,100.8,108.0,-7.2,0.562,1.58,16.1,0.254,0.763,0.498,0.136,0.473,0.513,96.33,0.45,1,21,21,21,3,21,20,21,19,11,19,18,2,18,2,21,21,8,20,210,2014-15,0,1610612747,LAL,False
218,4,By Year,2013-14,82,27,55,0.32899999999999996,3941.0,101.9,107.9,-6.0,0.639,1.62,18.2,0.20199999999999999,0.71,0.456,0.15,0.505,0.542,100.98,0.46,1,19,19,19,19,20,18,19,2,7,3,22,19,22,11,7,8,2,19,210,2013-14,0,1610612747,LAL,False
219,5,By Year,2012-13,82,45,37,0.5489999999999999,3951.0,105.6,103.6,2.0,0.598,1.48,17.0,0.27,0.743,0.512,0.155,0.512,0.5479999999999999,96.78,0.513,1,12,14,14,17,8,15,14,10,17,15,15,7,9,17,5,5,7,15,210,2012-13,1,1610612747,LAL,False
220,6,By Year,2011-12,66,41,25,0.621,3213.0,103.3,101.7,1.7,0.611,1.49,17.5,0.29100000000000004,0.748,0.53,0.16,0.491,0.534,92.93,0.524,21,15,6,11,21,18,9,15,7,16,10,10,4,1,22,16,17,21,12,210,2011-12,1,1610612747,LAL,False
221,7,By Year,2010-11,82,57,25,0.695,3966.0,107.9,101.3,6.6,0.5760000000000001,1.68,17.1,0.292,0.723,0.515,0.139,0.502,0.545,93.37,0.541,1,5,6,5,9,4,8,6,18,6,14,9,16,4,5,8,7,20,6,210,2010-11,1,1610612747,LAL,False
222,8,By Year,2009-10,82,57,25,0.695,3966.0,105.9,101.1,4.9,0.55,1.58,16.4,0.276,0.7440000000000001,0.512,0.139,0.496,0.5379999999999999,95.24,0.529,1,5,6,5,9,6,6,7,20,12,18,14,6,7,6,13,11,12,10,210,2009-10,1,1610612747,LAL,False
223,9,By Year,2008-09,82,65,17,0.7929999999999999,3956.0,109.8,101.9,7.9,0.5770000000000001,1.73,17.5,0.294,0.73,0.514,0.138,0.513,0.555,96.93,0.547,1,2,2,2,16,2,12,3,17,3,9,8,12,5,3,4,3,6,5,210,2008-09,1,1610612747,LAL,False
224,10,By Year,2007-08,82,57,25,0.695,3956.0,110.3,102.8,7.4,0.617,1.73,18.2,0.263,0.7340000000000001,0.508,0.14300000000000002,0.525,0.57,98.01,0.551,1,5,6,5,13,1,14,5,5,2,2,16,9,12,7,1,1,4,3,210,2007-08,1,1610612747,LAL,False
225,11,By Year,2006-07,82,42,40,0.512,4006.0,105.6,106.1,-0.5,0.596,1.45,17.2,0.261,0.723,0.494,0.159,0.511,0.5539999999999999,95.99,0.499,1,14,16,16,2,9,17,16,12,18,12,17,15,20,19,6,4,10,16,210,2006-07,1,1610612747,LAL,False
226,12,By Year,2005-06,82,45,37,0.5489999999999999,3971.0,105.4,102.6,2.8,0.58,1.52,16.6,0.28800000000000003,0.736,0.512,0.14800000000000002,0.495,0.539,93.57,0.518,1,12,14,14,7,10,13,12,15,13,17,12,8,8,10,15,9,19,14,210,2005-06,1,1610612747,LAL,False
227,13,By Year,2004-05,82,34,48,0.415,3956.0,104.9,108.0,-3.1,0.578,1.42,16.1,0.295,0.711,0.504,0.152,0.485,0.535,93.65,0.46799999999999997,1,17,18,18,13,12,19,18,16,20,20,7,18,15,16,18,15,18,18,210,2004-05,0,1610612747,LAL,False
228,14,By Year,2003-04,82,56,26,0.6829999999999999,3971.0,102.7,98.7,4.0,0.643,1.72,18.1,0.281,0.733,0.504,0.14400000000000002,0.48100000000000004,0.522,94.76,0.5379999999999999,1,8,10,8,7,19,2,9,1,4,4,13,10,16,8,20,20,15,7,210,2003-04,1,1610612747,LAL,False
229,15,By Year,2002-03,82,50,32,0.61,3986.0,104.1,101.8,2.3,0.618,1.6,17.5,0.302,0.727,0.513,0.151,0.486,0.528,95.15,0.52,1,11,13,13,3,16,11,13,4,8,7,6,13,6,13,17,18,13,13,210,2002-03,1,1610612747,LAL,False
230,16,By Year,2001-02,82,58,24,0.7070000000000001,3956.0,106.5,98.7,7.8,0.597,1.81,17.6,0.28800000000000003,0.72,0.506,0.133,0.498,0.534,94.76,0.5489999999999999,1,4,5,4,13,5,3,4,11,1,5,11,17,14,1,12,16,14,4,210,2001-02,1,1610612747,LAL,False
231,17,By Year,2000-01,82,56,26,0.6829999999999999,3981.0,105.6,101.7,3.9,0.607,1.59,17.5,0.311,0.725,0.52,0.152,0.498,0.535,94.33,0.532,1,8,10,8,5,7,10,10,9,10,8,3,14,3,14,11,13,17,8,210,2000-01,1,1610612747,LAL,False
232,18,By Year,1999-00,82,67,15,0.8170000000000001,3961.0,104.6,95.6,9.0,0.612,1.68,17.6,0.306,0.731,0.521,0.145,0.484,0.525,95.83,0.573,1,1,1,1,12,13,1,1,6,5,6,4,11,2,9,19,19,11,1,210,1999-00,1,1610612747,LAL,False
233,19,By Year,1998-99,50,31,19,0.62,2410.0,104.6,101.2,3.3,0.595,1.45,17.0,0.305,0.7020000000000001,0.508,0.159,0.498,0.5379999999999999,94.34,0.527,22,18,3,12,22,14,7,11,13,19,16,5,20,11,21,10,10,16,11,210,1998-99,1,1610612747,LAL,False
234,20,By Year,1997-98,82,61,21,0.7440000000000001,3966.0,109.2,100.7,8.5,0.639,1.6,18.3,0.316,0.688,0.506,0.159,0.519,0.5589999999999999,96.11,0.5579999999999999,1,3,4,3,11,3,4,2,3,9,1,1,21,13,20,2,2,9,2,210,1997-98,1,1610612747,LAL,False
235,21,By Year,1996-97,82,56,26,0.6829999999999999,4121.0,105.2,100.8,4.3,0.611,1.51,17.2,0.316,0.685,0.502,0.157,0.496,0.535,90.74,0.53,1,8,10,8,1,11,5,8,8,14,13,2,22,17,18,14,14,22,9,210,1996-97,1,1610612747,LAL,False
280,0,By Year,2017-18,82,47,35,0.573,3961.0,110.8,108.4,2.4,0.5529999999999999,1.82,17.2,0.244,0.764,0.501,0.126,0.523,0.5660000000000001,98.31,0.518,1,5,6,5,9,1,17,5,18,5,15,21,1,11,1,1,1,4,6,210,2017-18,1,1610612750,MIN,False
281,1,By Year,2016-17,82,31,51,0.37799999999999995,3961.0,108.1,109.1,-1.0,0.6,1.69,17.8,0.272,0.759,0.512,0.14400000000000002,0.511,0.555,97.11,0.501,1,13,15,15,9,2,19,11,14,11,10,15,2,2,7,2,2,6,11,210,2016-17,0,1610612750,MIN,False
282,2,By Year,2015-16,82,29,53,0.354,3976.0,104.3,107.1,-2.8,0.619,1.56,17.8,0.243,0.747,0.498,0.153,0.498,0.5489999999999999,97.59,0.49700000000000005,1,15,17,17,5,7,15,15,11,12,11,22,4,16,14,3,3,5,13,210,2015-16,0,1610612750,MIN,False
283,3,By Year,2014-15,82,16,66,0.195,3961.0,99.8,109.6,-9.8,0.593,1.44,16.5,0.266,0.716,0.484,0.153,0.46799999999999997,0.517,96.96,0.45299999999999996,1,21,21,21,9,19,22,21,16,17,17,18,17,22,15,21,20,7,18,210,2014-15,0,1610612750,MIN,False
284,4,By Year,2013-14,82,40,42,0.488,3971.0,105.6,104.1,1.4,0.616,1.72,17.4,0.27399999999999997,0.7440000000000001,0.503,0.138,0.486,0.535,99.82,0.519,1,9,11,10,6,4,13,7,13,10,13,13,5,9,3,9,5,1,5,210,2013-14,0,1610612750,MIN,False
285,5,By Year,2012-13,82,31,51,0.37799999999999995,3946.0,100.1,102.9,-2.8,0.624,1.51,17.2,0.27399999999999997,0.74,0.499,0.155,0.473,0.516,95.22,0.494,1,13,15,15,19,18,8,16,9,13,14,14,6,13,16,20,21,10,14,210,2012-13,0,1610612750,MIN,False
286,6,By Year,2011-12,66,26,40,0.39399999999999996,3188.0,101.5,103.6,-2.2,0.5479999999999999,1.29,15.3,0.275,0.73,0.502,0.157,0.47700000000000004,0.524,95.96,0.483,21,16,10,13,21,14,10,14,19,20,20,11,11,10,17,19,16,8,17,210,2011-12,0,1610612750,MIN,False
287,7,By Year,2010-11,82,17,65,0.207,3956.0,101.1,108.3,-7.2,0.534,1.18,15.1,0.29600000000000004,0.737,0.511,0.171,0.483,0.526,99.18,0.44299999999999995,1,20,20,20,15,15,16,19,20,22,22,4,8,4,22,14,13,2,20,210,2010-11,0,1610612750,MIN,False
288,8,By Year,2009-10,82,15,67,0.183,3956.0,98.9,109.3,-10.4,0.524,1.22,15.2,0.267,0.736,0.49700000000000005,0.16399999999999998,0.478,0.518,98.46,0.43200000000000005,1,22,22,22,15,21,21,22,22,21,21,17,10,18,20,18,19,3,22,210,2009-10,0,1610612750,MIN,False
289,9,By Year,2008-09,82,24,58,0.293,3961.0,102.6,109.1,-6.5,0.561,1.44,16.0,0.27699999999999997,0.75,0.505,0.149,0.48100000000000004,0.526,94.14,0.45299999999999996,1,18,18,18,14,13,20,18,17,18,18,10,3,8,12,16,12,15,19,210,2008-09,0,1610612750,MIN,False
290,10,By Year,2007-08,82,22,60,0.268,3946.0,100.7,108.9,-8.2,0.53,1.37,15.7,0.275,0.736,0.498,0.153,0.484,0.518,94.25,0.435,1,19,19,19,19,17,18,20,21,19,19,12,9,15,13,12,18,14,21,210,2007-08,0,1610612750,MIN,False
291,11,By Year,2006-07,82,32,50,0.39,4001.0,101.1,105.3,-4.2,0.617,1.45,17.7,0.252,0.721,0.49200000000000005,0.16399999999999998,0.49,0.537,93.35,0.48700000000000004,1,12,14,14,2,16,14,17,12,15,12,20,15,19,21,4,4,17,16,210,2006-07,0,1610612750,MIN,False
292,12,By Year,2005-06,82,33,49,0.402,3971.0,99.6,101.7,-2.1,0.594,1.44,17.0,0.252,0.713,0.489,0.157,0.48,0.524,91.28,0.503,1,11,13,12,6,20,6,13,15,16,16,19,19,20,18,17,15,21,10,210,2005-06,0,1610612750,MIN,False
293,13,By Year,2004-05,82,44,38,0.537,3951.0,104.9,103.7,1.2,0.63,1.78,18.4,0.28600000000000003,0.7140000000000001,0.51,0.14300000000000002,0.489,0.534,91.7,0.518,1,8,9,8,17,5,11,9,7,9,7,7,18,5,6,6,6,19,7,210,2004-05,0,1610612750,MIN,False
294,14,By Year,2003-04,82,58,24,0.7070000000000001,3951.0,103.3,96.6,6.7,0.623,1.81,18.4,0.267,0.725,0.509,0.139,0.486,0.528,91.53,0.5539999999999999,1,1,1,1,18,10,1,1,10,8,6,16,14,7,4,8,11,20,1,210,2003-04,1,1610612750,MIN,False
295,15,By Year,2002-03,82,51,31,0.622,3961.0,103.5,100.6,2.9,0.653,1.84,19.2,0.282,0.7290000000000001,0.511,0.145,0.488,0.528,94.57,0.529,1,2,3,2,9,8,4,4,5,3,3,9,13,3,9,7,10,11,4,210,2002-03,1,1610612750,MIN,False
296,16,By Year,2001-02,82,50,32,0.61,3961.0,105.8,102.2,3.6,0.628,1.82,18.5,0.313,0.737,0.528,0.14300000000000002,0.49,0.532,93.29,0.529,1,3,4,3,9,3,7,2,8,7,5,2,7,1,5,5,8,18,3,210,2001-02,1,1610612750,MIN,False
297,17,By Year,2000-01,82,47,35,0.573,3966.0,102.7,100.7,2.1,0.662,1.83,19.2,0.28600000000000003,0.7190000000000001,0.5,0.146,0.48200000000000004,0.523,94.33,0.518,1,5,6,5,8,11,5,6,3,4,2,8,16,12,11,15,17,13,8,210,2000-01,1,1610612750,MIN,False
298,18,By Year,1999-00,82,50,32,0.61,3981.0,103.4,100.2,3.2,0.684,1.94,20.0,0.294,0.73,0.51,0.146,0.485,0.525,94.44,0.531,1,3,4,3,4,9,3,3,1,1,1,5,12,6,10,11,14,12,2,210,1999-00,1,1610612750,MIN,False
299,19,By Year,1998-99,50,25,25,0.5,2405.0,98.5,98.2,0.4,0.6629999999999999,1.9,18.2,0.325,0.7020000000000001,0.499,0.136,0.439,0.48100000000000004,94.12,0.493,22,17,2,9,22,22,2,10,2,2,8,1,20,14,2,22,22,16,15,210,1998-99,1,1610612750,MIN,False
300,20,By Year,1997-98,82,45,37,0.5489999999999999,3990.0,104.8,103.6,1.2,0.655,1.82,18.7,0.306,0.685,0.498,0.14400000000000002,0.483,0.529,95.4,0.515,1,7,8,7,3,6,9,8,4,6,4,3,21,17,8,13,9,9,9,210,1997-98,1,1610612750,MIN,False
301,21,By Year,1996-97,82,40,42,0.488,4088.0,102.6,103.7,-1.1,0.638,1.51,17.8,0.28800000000000003,0.6829999999999999,0.48700000000000004,0.162,0.485,0.5329999999999999,90.39,0.501,1,9,11,10,1,12,12,12,6,14,9,6,22,21,19,10,7,22,12,210,1996-97,1,1610612750,MIN,False
412,0,By Year,2017-18,82,21,61,0.256,3941.0,100.8,110.6,-9.7,0.5529999999999999,1.35,15.8,0.225,0.765,0.49,0.153,0.495,0.532,102.64,0.442,1,22,22,22,19,16,22,22,18,17,17,20,2,11,12,13,14,2,22,210,2017-18,0,1610612756,PHX,False
413,1,By Year,2016-17,82,24,58,0.293,3966.0,103.9,109.3,-5.4,0.491,1.27,14.5,0.26,0.764,0.505,0.149,0.493,0.5379999999999999,102.88,0.462,1,20,20,20,7,11,21,19,22,20,22,14,3,3,8,14,11,1,19,210,2016-17,0,1610612756,PHX,False
414,2,By Year,2015-16,82,23,59,0.28,3941.0,99.4,107.0,-7.6,0.5579999999999999,1.21,15.5,0.254,0.7709999999999999,0.506,0.16899999999999998,0.48700000000000004,0.526,100.86,0.45,1,21,21,21,19,19,18,21,17,22,18,16,1,1,21,16,17,3,21,210,2015-16,0,1610612756,PHX,False
415,3,By Year,2014-15,82,39,43,0.47600000000000003,3976.0,102.9,103.4,-0.5,0.522,1.34,15.5,0.245,0.735,0.488,0.152,0.501,0.537,98.68,0.491,1,14,16,16,6,14,9,16,20,18,19,17,6,15,11,10,12,5,16,210,2014-15,0,1610612756,PHX,False
416,4,By Year,2013-14,82,48,34,0.585,3951.0,107.1,103.8,3.3,0.493,1.24,14.8,0.264,0.737,0.501,0.156,0.519,0.5579999999999999,98.16,0.509,1,9,11,9,15,7,13,9,21,21,21,13,4,7,15,8,8,8,12,210,2013-14,0,1610612756,PHX,False
417,5,By Year,2012-13,82,25,57,0.305,3961.0,98.2,105.7,-7.5,0.606,1.45,17.2,0.27,0.7190000000000001,0.49,0.161,0.47700000000000004,0.512,95.95,0.45799999999999996,1,19,19,19,9,21,16,20,9,15,14,11,9,13,20,18,20,14,20,210,2012-13,0,1610612756,PHX,False
418,6,By Year,2011-12,66,33,33,0.5,3168.0,103.5,103.8,-0.2,0.596,1.6,17.5,0.258,0.7170000000000001,0.49,0.14800000000000002,0.499,0.536,95.02,0.502,21,16,10,13,21,12,12,14,11,9,12,15,11,12,7,12,13,17,13,210,2011-12,0,1610612756,PHX,False
419,7,By Year,2010-11,82,40,42,0.488,4001.0,107.0,107.4,-0.4,0.604,1.66,18.0,0.237,0.716,0.47600000000000003,0.145,0.522,0.5589999999999999,96.76,0.494,1,12,14,14,2,8,19,15,10,8,8,18,12,22,3,7,7,12,15,210,2010-11,0,1610612756,PHX,False
420,8,By Year,2009-10,82,54,28,0.659,3946.0,112.7,106.9,5.8,0.573,1.58,17.6,0.276,0.708,0.504,0.151,0.546,0.585,97.91,0.536,1,5,6,5,17,1,17,5,14,10,10,7,14,4,10,3,3,11,7,210,2009-10,1,1610612756,PHX,False
421,9,By Year,2008-09,82,46,36,0.561,3951.0,111.2,108.5,2.6,0.565,1.48,17.5,0.27699999999999997,0.7170000000000001,0.506,0.16,0.545,0.584,98.39,0.525,1,10,12,10,15,5,20,10,16,14,13,6,10,2,18,4,4,7,9,210,2008-09,0,1610612756,PHX,False
422,10,By Year,2007-08,82,55,27,0.6709999999999999,3956.0,111.2,104.9,6.3,0.645,1.85,19.8,0.22399999999999998,0.7090000000000001,0.486,0.146,0.551,0.59,99.05,0.556,1,4,5,4,13,4,14,4,6,2,1,21,13,17,4,2,2,4,2,210,2007-08,1,1610612756,PHX,False
423,11,By Year,2006-07,82,61,21,0.7440000000000001,3981.0,111.4,103.4,8.0,0.626,1.78,19.3,0.22699999999999998,0.7190000000000001,0.486,0.147,0.551,0.59,98.08,0.561,1,2,2,2,5,3,10,2,8,4,4,19,8,18,5,1,1,10,1,210,2006-07,1,1610612756,PHX,False
424,12,By Year,2005-06,82,54,28,0.659,3991.0,109.4,102.9,6.4,0.635,2.0,19.7,0.221,0.721,0.47700000000000004,0.134,0.537,0.568,98.13,0.547,1,5,6,5,4,6,8,3,7,1,2,22,7,21,1,5,6,9,4,210,2005-06,1,1610612756,PHX,False
425,13,By Year,2004-05,82,62,20,0.7559999999999999,3956.0,111.9,103.7,8.2,0.575,1.71,17.5,0.275,0.6829999999999999,0.489,0.139,0.534,0.5710000000000001,98.62,0.546,1,1,1,1,13,2,11,1,13,7,11,8,22,14,2,6,5,6,5,210,2004-05,1,1610612756,PHX,False
426,14,By Year,2003-04,82,29,53,0.354,3946.0,98.8,102.2,-3.4,0.536,1.27,15.4,0.266,0.6990000000000001,0.48100000000000004,0.16,0.475,0.515,95.33,0.466,1,17,18,18,17,20,7,18,19,19,20,12,19,20,19,19,18,16,18,210,2003-04,0,1610612756,PHX,False
427,15,By Year,2002-03,82,44,38,0.537,3961.0,100.7,99.4,1.2,0.5720000000000001,1.42,16.3,0.297,0.703,0.498,0.155,0.473,0.514,94.34,0.498,1,11,13,12,9,17,4,12,15,16,16,3,16,10,14,20,19,18,14,210,2002-03,1,1610612756,PHX,False
428,16,By Year,2001-02,82,36,46,0.439,3966.0,100.2,101.0,-0.7,0.593,1.53,17.2,0.301,0.7020000000000001,0.499,0.155,0.47200000000000003,0.51,94.21,0.486,1,15,17,17,8,18,6,17,12,12,15,1,17,9,13,21,21,19,17,210,2001-02,0,1610612756,PHX,False
429,17,By Year,2000-01,82,51,31,0.622,3961.0,97.5,95.4,2.1,0.647,1.52,17.7,0.273,0.737,0.501,0.158,0.46,0.506,95.71,0.521,1,8,9,8,9,22,1,11,5,13,9,9,5,8,17,22,22,15,10,210,2000-01,1,1610612756,PHX,False
430,18,By Year,1999-00,82,53,29,0.6459999999999999,3961.0,101.8,96.2,5.6,0.6779999999999999,1.53,18.9,0.293,0.705,0.503,0.172,0.491,0.532,96.67,0.542,1,7,8,7,9,15,2,7,2,11,7,4,15,6,22,15,15,13,6,210,1999-00,1,1610612756,PHX,False
431,19,By Year,1998-99,50,27,23,0.54,2410.0,103.4,99.9,3.5,0.695,1.83,19.3,0.284,0.698,0.48700000000000004,0.147,0.48100000000000004,0.526,92.56,0.529,22,18,3,11,22,13,5,8,1,3,5,5,20,16,6,17,16,22,8,210,1998-99,1,1610612756,PHX,False
432,20,By Year,1997-98,82,56,26,0.6829999999999999,3997.0,104.5,98.8,5.7,0.677,1.72,19.4,0.297,0.7,0.504,0.158,0.5,0.54,93.95,0.547,1,3,4,3,3,10,3,6,3,6,3,2,18,5,16,11,10,20,3,210,1997-98,1,1610612756,PHX,False
433,21,By Year,1996-97,82,40,42,0.488,4090.0,106.7,105.5,1.2,0.6579999999999999,1.75,19.0,0.271,0.6940000000000001,0.484,0.149,0.508,0.552,92.97,0.509,1,12,14,14,1,9,15,13,4,5,6,10,21,19,9,9,9,21,11,210,1996-97,1,1610612756,PHX,False
434,0,By Year,2017-18,82,49,33,0.598,3951.0,106.1,104.2,1.9,0.496,1.44,15.1,0.233,0.7909999999999999,0.514,0.136,0.511,0.5489999999999999,98.83,0.51,1,8,9,9,18,6,12,11,22,16,22,21,1,9,1,3,3,2,13,210,2017-18,1,1610612757,POR,False
435,1,By Year,2016-17,82,41,41,0.5,3986.0,107.8,107.8,0.0,0.534,1.54,16.1,0.23,0.768,0.498,0.13699999999999998,0.52,0.5589999999999999,99.08,0.493,1,14,16,15,4,4,21,15,19,10,19,22,2,16,3,1,1,1,16,210,2016-17,1,1610612757,POR,False
436,2,By Year,2015-16,82,44,38,0.537,3961.0,106.1,105.6,0.6,0.552,1.46,16.2,0.259,0.762,0.51,0.14800000000000002,0.511,0.5479999999999999,98.31,0.493,1,13,14,14,14,5,18,14,18,14,18,18,3,12,9,2,5,3,17,210,2015-16,1,1610612757,POR,False
437,3,By Year,2014-15,82,51,31,0.622,3971.0,105.5,101.4,4.2,0.5670000000000001,1.61,16.9,0.242,0.762,0.507,0.14,0.508,0.544,96.46,0.522,1,4,5,5,6,8,8,5,14,6,10,20,4,14,5,5,8,5,8,210,2014-15,1,1610612757,POR,False
438,4,By Year,2013-14,82,54,28,0.659,3971.0,108.3,104.7,3.5,0.594,1.69,17.3,0.28,0.747,0.516,0.139,0.504,0.5479999999999999,97.48,0.524,1,2,3,3,6,2,16,8,9,1,6,14,7,8,4,6,4,4,7,210,2013-14,1,1610612757,POR,False
439,5,By Year,2012-13,82,33,49,0.402,3971.0,102.7,106.9,-4.2,0.593,1.48,17.1,0.253,0.733,0.49,0.155,0.498,0.536,93.72,0.46799999999999997,1,18,19,19,9,15,19,19,10,12,7,19,9,20,12,10,11,7,20,210,2012-13,0,1610612757,POR,False
440,6,By Year,2011-12,66,28,38,0.424,3193.0,102.8,103.7,-0.9,0.562,1.44,16.2,0.263,0.728,0.49,0.15,0.488,0.531,93.73,0.494,21,20,14,18,21,14,10,16,16,15,17,17,11,21,10,14,15,6,15,210,2011-12,0,1610612757,POR,False
441,7,By Year,2010-11,82,48,34,0.585,3961.0,105.6,104.2,1.4,0.588,1.62,17.0,0.295,0.72,0.498,0.14300000000000002,0.486,0.5329999999999999,90.52,0.516,1,11,12,12,14,7,13,12,12,5,9,11,16,17,7,15,12,16,10,210,2010-11,1,1610612757,POR,False
442,8,By Year,2009-10,82,50,32,0.61,3971.0,108.0,104.0,4.1,0.563,1.65,16.7,0.282,0.748,0.513,0.136,0.499,0.547,90.2,0.525,1,5,6,6,6,3,11,7,15,2,14,13,6,10,2,9,6,19,6,210,2009-10,1,1610612757,POR,False
443,9,By Year,2008-09,82,54,28,0.659,3966.0,110.7,104.5,6.2,0.552,1.58,16.5,0.326,0.75,0.535,0.14300000000000002,0.511,0.5529999999999999,89.23,0.531,1,2,3,3,11,1,15,3,17,7,15,2,5,1,8,4,2,21,4,210,2008-09,1,1610612757,POR,False
444,10,By Year,2007-08,82,41,41,0.5,3981.0,104.1,105.5,-1.4,0.59,1.64,17.1,0.268,0.718,0.494,0.141,0.489,0.532,90.43,0.495,1,14,16,15,5,12,17,17,11,4,8,15,18,18,6,12,13,18,14,210,2007-08,0,1610612757,POR,False
445,11,By Year,2006-07,82,32,50,0.39,3991.0,101.7,107.3,-5.6,0.526,1.22,15.1,0.282,0.73,0.502,0.163,0.483,0.53,90.85,0.45899999999999996,1,19,20,20,3,17,20,21,21,22,21,12,10,15,14,18,16,15,21,210,2006-07,0,1610612757,POR,False
446,12,By Year,2005-06,82,21,61,0.256,3946.0,97.9,109.4,-11.5,0.534,1.24,15.2,0.266,0.682,0.47100000000000003,0.162,0.474,0.511,90.09,0.424,1,22,22,22,19,22,22,22,20,21,20,16,21,22,13,21,22,20,22,210,2005-06,0,1610612757,POR,False
447,13,By Year,2004-05,82,27,55,0.32899999999999996,3946.0,100.1,104.5,-4.4,0.595,1.32,16.7,0.29600000000000004,0.677,0.494,0.172,0.484,0.524,92.6,0.475,1,21,21,21,19,21,14,20,8,18,13,10,22,19,20,17,19,9,19,210,2004-05,0,1610612757,POR,False
448,14,By Year,2003-04,82,41,41,0.5,3996.0,100.5,102.2,-1.6,0.61,1.46,17.3,0.312,0.7,0.508,0.16399999999999998,0.478,0.515,88.79,0.488,1,14,16,15,2,20,9,18,7,13,5,6,20,13,16,19,21,22,18,210,2003-04,0,1610612757,POR,False
449,15,By Year,2002-03,82,50,32,0.61,3970.0,102.6,99.5,3.1,0.623,1.49,17.8,0.302,0.723,0.513,0.16399999999999998,0.489,0.531,92.07,0.515,1,5,6,6,10,16,5,10,4,11,4,8,15,11,17,13,14,11,11,210,2002-03,1,1610612757,POR,False
450,16,By Year,2001-02,82,49,33,0.598,3966.0,104.4,101.0,3.4,0.6409999999999999,1.64,18.2,0.318,0.733,0.523,0.154,0.485,0.528,91.98,0.518,1,8,9,9,11,11,7,9,2,3,3,4,8,6,11,16,17,13,9,210,2001-02,1,1610612757,POR,False
451,17,By Year,2000-01,82,50,32,0.61,3956.0,103.6,99.0,4.6,0.653,1.56,18.7,0.3,0.7240000000000001,0.519,0.166,0.49700000000000005,0.539,91.65,0.544,1,5,6,6,17,13,3,4,1,8,1,9,12,7,19,11,10,14,3,210,2000-01,1,1610612757,POR,False
452,18,By Year,1999-00,82,59,23,0.72,3956.0,105.1,97.7,7.4,0.637,1.55,18.3,0.303,0.7240000000000001,0.524,0.16399999999999998,0.501,0.546,92.45,0.5589999999999999,1,1,2,1,16,9,2,1,3,9,2,7,14,5,15,8,7,10,1,210,1999-00,1,1610612757,POR,False
453,19,By Year,1998-99,50,35,15,0.7,2435.0,101.4,94.9,6.6,0.614,1.39,16.8,0.318,0.718,0.525,0.165,0.473,0.521,92.05,0.556,22,17,1,2,22,18,1,2,5,17,11,5,17,4,18,22,20,12,2,210,1998-99,1,1610612757,POR,False
454,20,By Year,1997-98,82,46,36,0.561,3966.0,100.8,99.5,1.3,0.612,1.28,16.8,0.33,0.7140000000000001,0.529,0.18,0.47600000000000003,0.524,92.79,0.512,1,12,13,13,11,19,4,13,6,19,12,1,19,3,22,20,18,8,12,210,1997-98,1,1610612757,POR,False
455,21,By Year,1996-97,82,49,33,0.598,4111.0,104.6,100.5,4.1,0.57,1.26,16.2,0.325,0.7240000000000001,0.53,0.175,0.503,0.544,90.46,0.527,1,8,9,9,1,10,6,6,13,20,16,3,13,2,21,7,9,17,5,210,1996-97,1,1610612757,POR,False
456,0,By Year,2017-18,82,27,55,0.32899999999999996,3951.0,101.1,108.9,-7.8,0.556,1.57,16.7,0.215,0.7759999999999999,0.483,0.14,0.502,0.529,97.06,0.451,1,16,18,18,18,18,20,21,14,5,12,21,1,18,3,5,15,11,20,210,2017-18,0,1610612758,SAC,False
457,1,By Year,2016-17,82,32,50,0.39,3976.0,104.6,109.1,-4.5,0.594,1.54,17.4,0.21,0.763,0.489,0.149,0.516,0.556,97.06,0.478,1,12,14,13,4,4,21,15,10,6,7,22,3,12,8,1,1,12,13,210,2016-17,0,1610612758,SAC,False
458,2,By Year,2015-16,82,33,49,0.402,3961.0,103.3,106.3,-3.0,0.612,1.52,17.7,0.239,0.7490000000000001,0.496,0.157,0.51,0.546,102.24,0.494,1,10,12,11,14,8,13,11,6,9,5,19,5,7,14,2,4,1,9,210,2015-16,0,1610612758,SAC,False
459,3,By Year,2014-15,82,29,53,0.354,3971.0,102.5,106.5,-4.0,0.5539999999999999,1.25,15.6,0.265,0.752,0.518,0.16399999999999998,0.49,0.542,97.92,0.485,1,13,15,14,6,14,15,14,15,20,17,13,4,2,20,14,8,6,11,210,2014-15,0,1610612758,SAC,False
460,4,By Year,2013-14,82,28,54,0.341,3966.0,102.9,106.3,-3.4,0.511,1.24,14.7,0.278,0.7659999999999999,0.519,0.156,0.484,0.532,96.75,0.473,1,14,16,15,9,11,12,12,21,21,22,8,2,1,13,18,13,15,14,210,2013-14,0,1610612758,SAC,False
461,5,By Year,2012-13,82,28,54,0.341,3966.0,103.0,108.6,-5.6,0.5529999999999999,1.42,16.1,0.266,0.71,0.48200000000000004,0.15,0.491,0.532,96.34,0.45399999999999996,1,14,16,15,9,10,19,17,16,12,14,12,12,19,9,10,12,17,19,210,2012-13,0,1610612758,SAC,False
462,6,By Year,2011-12,66,22,44,0.33299999999999996,3183.0,101.0,106.8,-5.8,0.51,1.34,14.8,0.29100000000000004,0.705,0.488,0.147,0.47200000000000003,0.51,97.34,0.451,21,21,9,17,21,19,16,20,22,17,21,5,15,15,6,21,21,8,21,210,2011-12,0,1610612758,SAC,False
463,7,By Year,2010-11,82,24,58,0.293,3971.0,100.6,106.3,-5.7,0.534,1.27,15.4,0.299,0.7440000000000001,0.516,0.163,0.48,0.519,97.81,0.462,1,20,21,21,6,20,14,19,18,19,18,4,6,3,18,19,19,7,17,210,2010-11,0,1610612758,SAC,False
464,8,By Year,2009-10,82,25,57,0.305,3976.0,102.4,107.2,-4.8,0.534,1.37,15.7,0.278,0.735,0.503,0.153,0.491,0.528,96.55,0.467,1,19,20,20,4,15,18,16,19,14,16,9,7,4,11,12,16,16,16,210,2009-10,0,1610612758,SAC,False
465,9,By Year,2008-09,82,17,65,0.207,3981.0,102.6,111.9,-9.3,0.541,1.28,15.4,0.245,0.6990000000000001,0.47,0.158,0.491,0.542,96.77,0.44,1,22,22,22,3,13,22,22,17,18,19,18,16,22,16,11,7,14,22,210,2008-09,0,1610612758,SAC,False
466,10,By Year,2007-08,82,38,44,0.46299999999999997,3966.0,104.5,107.2,-2.7,0.515,1.19,15.0,0.252,0.7170000000000001,0.489,0.16399999999999998,0.503,0.556,97.21,0.483,1,8,9,9,13,5,17,10,20,22,20,17,11,14,19,4,2,10,12,210,2007-08,0,1610612758,SAC,False
467,11,By Year,2006-07,82,33,49,0.402,3961.0,103.6,105.2,-1.7,0.5660000000000001,1.39,15.9,0.231,0.725,0.473,0.149,0.491,0.545,97.23,0.485,1,10,12,11,14,7,10,9,13,13,15,20,8,21,7,13,5,9,10,210,2006-07,0,1610612758,SAC,False
468,12,By Year,2005-06,82,44,38,0.537,3966.0,103.9,102.3,1.6,0.618,1.52,17.4,0.254,0.722,0.49,0.154,0.49200000000000005,0.544,94.45,0.515,1,6,7,7,9,6,7,7,5,7,6,16,9,11,12,9,6,21,6,210,2005-06,1,1610612758,SAC,False
469,13,By Year,2004-05,82,50,32,0.61,3971.0,107.5,105.0,2.5,0.626,1.87,18.3,0.28800000000000003,0.69,0.489,0.136,0.496,0.541,95.72,0.522,1,5,6,5,8,1,9,5,3,2,3,6,19,13,1,8,9,18,5,210,2004-05,1,1610612758,SAC,False
470,14,By Year,2003-04,82,55,27,0.6709999999999999,3956.0,107.3,102.2,5.1,0.6940000000000001,1.89,19.7,0.26,0.698,0.484,0.145,0.507,0.5539999999999999,95.29,0.544,1,3,4,3,17,2,6,4,1,1,1,14,17,17,4,3,3,19,3,210,2003-04,1,1610612758,SAC,False
471,15,By Year,2002-03,82,59,23,0.72,3966.0,103.1,96.3,6.8,0.627,1.71,18.5,0.256,0.706,0.493,0.147,0.499,0.535,97.99,0.551,1,2,2,2,9,9,1,2,2,4,2,15,14,9,5,6,11,4,2,210,2002-03,1,1610612758,SAC,False
472,16,By Year,2001-02,82,61,21,0.7440000000000001,3951.0,106.4,98.6,7.7,0.6,1.74,17.7,0.27899999999999997,0.7170000000000001,0.502,0.14,0.49700000000000005,0.539,97.99,0.552,1,1,1,1,19,3,3,1,8,3,4,7,10,5,2,7,10,5,1,210,2001-02,1,1610612758,SAC,False
473,17,By Year,2000-01,82,55,27,0.6709999999999999,4016.0,102.8,97.0,5.8,0.591,1.52,16.9,0.272,0.7070000000000001,0.495,0.15,0.484,0.529,96.97,0.54,1,3,4,3,2,12,2,3,11,8,10,11,13,8,10,17,14,13,4,210,2000-01,1,1610612758,SAC,False
474,18,By Year,1999-00,82,44,38,0.537,3961.0,101.9,99.9,2.0,0.596,1.47,17.1,0.27699999999999997,0.6970000000000001,0.486,0.157,0.486,0.526,101.91,0.513,1,6,7,7,16,17,4,6,9,10,9,10,18,16,15,15,17,2,7,210,1999-00,1,1610612758,SAC,False
475,19,By Year,1998-99,50,27,23,0.54,2440.0,99.9,100.0,-0.1,0.589,1.34,16.5,0.306,0.677,0.493,0.168,0.479,0.514,98.77,0.494,22,16,2,6,22,21,5,8,12,16,13,2,21,10,21,20,20,3,8,210,1998-99,1,1610612758,SAC,False
476,20,By Year,1997-98,82,27,55,0.32899999999999996,3946.0,98.1,103.8,-5.7,0.621,1.44,17.1,0.302,0.6659999999999999,0.479,0.163,0.46399999999999997,0.502,94.77,0.45799999999999996,1,16,18,18,20,22,8,18,4,11,8,3,22,20,17,22,22,20,18,210,1997-98,0,1610612758,SAC,False
477,21,By Year,1996-97,82,34,48,0.415,4100.0,102.0,105.7,-3.7,0.6,1.35,16.9,0.32,0.685,0.5,0.172,0.485,0.526,90.7,0.47100000000000003,1,9,11,10,1,16,11,13,7,15,11,1,20,6,22,16,18,22,15,210,1996-97,0,1610612758,SAC,False
478,0,By Year,2017-18,82,47,35,0.573,3946.0,105.5,102.4,3.1,0.583,1.73,17.5,0.237,0.7859999999999999,0.51,0.135,0.507,0.5429999999999999,97.16,0.525,1,20,21,21,18,11,20,21,16,6,12,16,2,13,2,12,12,1,20,210,2017-18,1,1610612759,SAS,False
479,1,By Year,2016-17,82,61,21,0.7440000000000001,3961.0,108.8,100.9,7.9,0.606,1.77,18.2,0.24,0.7759999999999999,0.514,0.139,0.524,0.564,96.41,0.551,1,4,6,5,10,2,17,10,9,3,5,15,4,6,5,6,4,3,13,210,2016-17,1,1610612759,SAS,False
480,2,By Year,2015-16,82,67,15,0.8170000000000001,3941.0,108.4,96.6,11.8,0.611,1.88,18.9,0.23,0.7909999999999999,0.52,0.13699999999999998,0.526,0.564,95.72,0.578,1,1,2,1,20,4,8,1,8,1,3,19,1,3,3,5,5,6,2,210,2015-16,1,1610612759,SAS,False
481,3,By Year,2014-15,82,55,27,0.6709999999999999,3991.0,106.2,99.6,6.6,0.623,1.75,18.6,0.23399999999999999,0.773,0.509,0.14400000000000002,0.517,0.555,95.93,0.545,1,15,17,17,2,9,14,14,4,5,4,18,5,14,8,8,8,5,16,210,2014-15,1,1610612759,SAS,False
482,4,By Year,2013-14,82,62,20,0.7559999999999999,3951.0,108.2,100.1,8.1,0.621,1.75,19.1,0.22699999999999998,0.764,0.506,0.14800000000000002,0.537,0.5710000000000001,97.07,0.555,1,3,5,4,16,5,15,8,5,4,2,20,7,16,10,1,1,2,8,210,2013-14,1,1610612759,SAS,False
483,5,By Year,2012-13,82,58,24,0.7070000000000001,3976.0,105.9,99.2,6.8,0.6409999999999999,1.71,19.2,0.205,0.7490000000000001,0.493,0.151,0.531,0.568,96.36,0.551,1,8,10,10,4,10,12,13,1,8,1,22,11,21,14,2,2,4,12,210,2012-13,1,1610612759,SAS,False
484,6,By Year,2011-12,66,50,16,0.758,3188.0,108.5,100.6,7.9,0.585,1.71,17.9,0.251,0.76,0.511,0.142,0.528,0.562,95.09,0.546,21,18,3,3,21,3,16,9,14,7,6,12,9,10,7,3,6,7,15,210,2011-12,1,1610612759,SAS,False
485,7,By Year,2010-11,82,61,21,0.7440000000000001,3956.0,109.4,102.8,6.6,0.583,1.67,17.6,0.249,0.746,0.504,0.142,0.527,0.5670000000000001,94.59,0.5379999999999999,1,4,6,5,13,1,21,15,17,9,9,13,12,18,6,4,3,8,17,210,2010-11,1,1610612759,SAS,False
486,8,By Year,2009-10,82,50,32,0.61,3956.0,107.2,102.0,5.2,0.581,1.64,17.5,0.268,0.763,0.52,0.14400000000000002,0.515,0.552,94.02,0.532,1,18,20,20,13,6,19,18,18,11,11,10,8,4,9,9,9,9,19,210,2009-10,1,1610612759,SAS,False
487,9,By Year,2008-09,82,54,28,0.659,3981.0,106.2,102.0,4.3,0.5710000000000001,1.8,17.4,0.221,0.78,0.504,0.129,0.513,0.5479999999999999,90.4,0.523,1,16,18,18,3,8,18,20,20,2,14,21,3,19,1,10,10,21,21,210,2008-09,1,1610612759,SAS,False
488,10,By Year,2007-08,82,56,26,0.6829999999999999,3946.0,104.7,99.5,5.2,0.585,1.66,17.3,0.23399999999999999,0.7709999999999999,0.506,0.139,0.504,0.5429999999999999,90.83,0.5329999999999999,1,13,15,15,18,14,13,19,15,10,16,17,6,17,4,13,13,19,18,210,2007-08,1,1610612759,SAS,False
489,11,By Year,2006-07,82,58,24,0.7070000000000001,3956.0,106.7,97.4,9.2,0.605,1.6,17.9,0.242,0.757,0.51,0.15,0.521,0.561,91.97,0.569,1,8,10,10,15,7,11,3,11,12,7,14,10,12,12,7,7,13,4,210,2006-07,1,1610612759,SAS,False
490,12,By Year,2005-06,82,63,19,0.768,3961.0,105.2,96.9,8.3,0.574,1.52,17.1,0.26,0.742,0.507,0.151,0.513,0.546,90.65,0.5539999999999999,1,2,4,2,10,12,10,6,19,15,18,11,14,15,13,11,11,20,9,210,2005-06,1,1610612759,SAS,False
491,13,By Year,2004-05,82,59,23,0.72,3961.0,104.9,95.8,9.1,0.606,1.57,17.2,0.29100000000000004,0.736,0.513,0.15,0.49200000000000005,0.534,91.42,0.565,1,7,9,9,10,13,5,5,10,13,17,5,16,8,11,17,18,16,6,210,2004-05,1,1610612759,SAS,False
492,14,By Year,2003-04,82,57,25,0.695,3951.0,99.8,91.6,8.2,0.59,1.39,16.4,0.295,0.746,0.523,0.16,0.473,0.511,91.51,0.5660000000000001,1,12,14,14,17,22,1,7,12,19,19,4,13,2,17,21,22,15,5,210,2003-04,1,1610612759,SAS,False
493,15,By Year,2002-03,82,60,22,0.732,3966.0,103.1,96.6,6.5,0.563,1.26,16.0,0.28800000000000003,0.713,0.511,0.17,0.49700000000000005,0.541,92.51,0.5489999999999999,1,6,8,8,7,17,9,16,22,22,22,6,20,11,21,14,14,12,14,210,2002-03,1,1610612759,SAS,False
494,16,By Year,2001-02,82,58,24,0.7070000000000001,3971.0,104.0,96.5,7.5,0.564,1.39,16.1,0.272,0.7190000000000001,0.503,0.155,0.49200000000000005,0.539,92.57,0.5539999999999999,1,8,10,10,5,16,7,11,21,20,21,8,19,20,16,18,16,11,10,210,2001-02,1,1610612759,SAS,False
495,17,By Year,2000-01,82,58,24,0.7070000000000001,3966.0,104.7,94.9,9.8,0.617,1.55,17.4,0.271,0.737,0.515,0.152,0.496,0.541,91.84,0.573,1,8,10,10,7,15,3,2,6,14,15,9,15,5,15,15,15,14,3,210,2000-01,1,1610612759,SAS,False
496,18,By Year,1999-00,82,53,29,0.6459999999999999,3971.0,102.8,95.7,7.1,0.616,1.48,17.5,0.278,0.73,0.514,0.161,0.488,0.535,93.13,0.556,1,17,19,19,5,18,4,12,7,16,13,7,17,7,18,19,17,10,7,210,1999-00,1,1610612759,SAS,False
497,19,By Year,1998-99,50,37,13,0.74,2415.0,101.3,92.1,9.2,0.633,1.45,17.5,0.304,0.695,0.511,0.166,0.479,0.523,91.23,0.5820000000000001,22,21,1,7,22,20,2,4,3,17,10,3,21,9,19,20,20,17,1,210,1998-99,1,1610612759,SAS,False
498,20,By Year,1997-98,82,56,26,0.6829999999999999,3966.0,101.5,96.2,5.3,0.635,1.4,17.9,0.306,0.722,0.527,0.17600000000000002,0.493,0.531,90.88,0.551,1,13,15,15,7,19,6,17,2,18,8,2,18,1,22,16,19,18,11,210,1997-98,1,1610612759,SAS,False
499,21,By Year,1996-97,82,20,62,0.244,4074.0,100.5,108.8,-8.3,0.588,1.34,16.4,0.324,0.67,0.491,0.168,0.47200000000000003,0.512,87.13,0.44,1,22,22,22,1,21,22,22,13,21,20,1,22,22,20,22,21,22,22,210,1996-97,0,1610612759,SAS,False
500,0,By Year,2017-18,82,48,34,0.585,3966.0,107.6,104.7,2.9,0.535,1.53,15.9,0.27699999999999997,0.774,0.517,0.14,0.514,0.546,99.25,0.508,1,9,11,10,4,8,15,10,18,6,16,17,2,8,1,6,10,3,10,210,2017-18,1,1610612760,OKC,False
501,1,By Year,2016-17,82,47,35,0.573,3961.0,105.0,105.1,-0.2,0.532,1.4,15.6,0.27899999999999997,0.79,0.534,0.14800000000000002,0.5,0.54,100.47,0.499,1,10,12,11,12,13,17,15,19,14,19,14,1,2,6,12,15,1,14,210,2016-17,1,1610612760,OKC,False
502,2,By Year,2015-16,82,55,27,0.6709999999999999,3966.0,109.9,103.0,6.9,0.5579999999999999,1.44,16.8,0.311,0.76,0.547,0.159,0.524,0.565,99.37,0.546,1,5,7,6,4,2,11,6,12,9,9,3,3,1,14,2,4,2,3,210,2015-16,1,1610612760,OKC,False
503,3,By Year,2014-15,82,45,37,0.5489999999999999,3966.0,104.5,103.1,1.3,0.528,1.4,15.4,0.289,0.7559999999999999,0.526,0.14800000000000002,0.49200000000000005,0.532,98.35,0.505,1,12,13,12,4,14,12,12,20,16,20,8,4,3,5,16,16,5,11,210,2014-15,0,1610612760,OKC,False
504,4,By Year,2013-14,82,59,23,0.72,3961.0,108.1,101.0,7.1,0.562,1.43,16.7,0.265,0.7559999999999999,0.522,0.156,0.52,0.5660000000000001,97.91,0.5429999999999999,1,3,4,3,12,6,6,5,9,11,11,22,5,4,13,4,3,6,5,210,2013-14,1,1610612760,OKC,False
505,5,By Year,2012-13,82,60,22,0.732,3966.0,110.2,99.2,11.0,0.561,1.4,16.7,0.267,0.7340000000000001,0.517,0.159,0.527,0.58,95.89,0.57,1,2,3,2,4,1,1,1,10,15,10,21,10,6,15,1,1,9,1,210,2012-13,1,1610612760,OKC,False
506,6,By Year,2011-12,66,47,19,0.7120000000000001,3198.0,107.1,100.0,7.2,0.49700000000000005,1.13,14.7,0.278,0.721,0.514,0.17,0.516,0.5670000000000001,95.68,0.542,21,10,1,4,21,10,3,4,22,22,22,16,11,9,22,5,2,10,6,210,2011-12,1,1610612760,OKC,False
507,7,By Year,2010-11,82,55,27,0.6709999999999999,4001.0,108.6,104.0,4.5,0.545,1.45,15.9,0.27399999999999997,0.736,0.513,0.146,0.501,0.561,95.27,0.529,1,5,7,6,2,3,14,7,16,8,15,18,8,10,4,11,5,12,8,210,2010-11,1,1610612760,OKC,False
508,8,By Year,2009-10,82,50,32,0.61,3961.0,105.8,101.6,4.1,0.535,1.34,15.7,0.28600000000000003,0.736,0.517,0.156,0.494,0.547,95.58,0.532,1,8,10,9,12,12,7,8,17,19,18,10,9,7,12,15,9,11,7,210,2009-10,1,1610612760,OKC,False
509,9,By Year,2008-09,82,23,59,0.28,3961.0,99.9,106.9,-7.0,0.555,1.25,15.7,0.28600000000000003,0.7390000000000001,0.508,0.16699999999999998,0.47100000000000003,0.521,96.11,0.46399999999999997,1,21,21,21,12,21,20,21,14,21,17,11,6,11,21,21,18,7,21,210,2008-09,0,1610612760,OKC,False
510,10,By Year,2007-08,82,20,62,0.244,3966.0,97.6,106.9,-9.2,0.5589999999999999,1.33,16.0,0.268,0.737,0.503,0.16,0.467,0.509,98.94,0.45,1,22,22,22,11,22,19,22,11,20,14,20,7,12,16,22,22,4,22,210,2007-08,0,1610612760,OKC,False
511,11,By Year,2006-07,82,31,51,0.37799999999999995,3966.0,104.1,107.5,-3.4,0.556,1.34,16.2,0.278,0.7090000000000001,0.49200000000000005,0.162,0.499,0.544,94.34,0.474,1,19,20,20,4,15,21,19,13,17,12,15,14,18,19,13,12,14,19,210,2006-07,0,1610612760,OKC,False
512,12,By Year,2005-06,82,35,47,0.42700000000000005,3966.0,107.4,111.3,-3.9,0.551,1.4,16.1,0.304,0.69,0.494,0.154,0.504,0.551,94.47,0.467,1,18,19,19,10,9,22,20,15,13,13,5,18,17,10,9,8,13,20,210,2005-06,0,1610612760,OKC,False
513,13,By Year,2004-05,82,52,30,0.634,3951.0,108.1,106.1,2.0,0.516,1.34,14.8,0.324,0.713,0.519,0.14800000000000002,0.495,0.546,90.99,0.504,1,7,9,8,20,7,18,11,21,18,21,1,13,5,7,14,11,20,12,210,2004-05,1,1610612760,OKC,False
514,14,By Year,2003-04,82,37,45,0.451,3961.0,104.0,104.7,-0.6,0.606,1.5,17.2,0.272,0.685,0.48,0.155,0.501,0.54,92.78,0.491,1,17,18,18,12,16,16,17,6,7,6,19,20,21,11,10,14,16,17,210,2003-04,0,1610612760,OKC,False
515,15,By Year,2002-03,82,40,42,0.488,3971.0,100.7,100.9,-0.2,0.615,1.64,17.3,0.281,0.718,0.496,0.14400000000000002,0.47200000000000003,0.512,90.65,0.503,1,16,17,17,3,20,5,16,5,3,4,13,12,15,2,20,21,21,13,210,2002-03,0,1610612760,OKC,False
516,16,By Year,2001-02,82,45,37,0.5489999999999999,3966.0,105.8,102.5,3.4,0.615,1.71,18.4,0.294,0.6809999999999999,0.491,0.14800000000000002,0.505,0.54,91.69,0.522,1,12,13,12,4,11,9,9,4,2,2,6,21,19,8,8,13,19,9,210,2001-02,1,1610612760,OKC,False
517,17,By Year,2000-01,82,44,38,0.537,3961.0,102.6,102.7,-0.1,0.5920000000000001,1.43,17.0,0.29100000000000004,0.698,0.496,0.161,0.491,0.53,94.18,0.494,1,15,16,15,12,18,10,14,8,10,7,7,15,16,17,17,17,15,16,210,2000-01,0,1610612760,OKC,False
518,18,By Year,1999-00,82,45,37,0.5489999999999999,3956.0,102.6,101.8,0.8,0.604,1.63,17.3,0.285,0.696,0.488,0.145,0.48700000000000004,0.52,96.0,0.496,1,12,13,12,18,17,8,13,7,4,5,12,16,20,3,18,19,8,15,210,1999-00,1,1610612760,OKC,False
519,19,By Year,1998-99,50,25,25,0.5,2420.0,101.8,103.3,-1.6,0.619,1.42,16.9,0.319,0.6859999999999999,0.5,0.16399999999999998,0.48100000000000004,0.519,92.26,0.49,22,20,5,16,22,19,13,18,3,12,8,2,19,14,20,19,20,18,18,210,1998-99,0,1610612760,OKC,False
520,20,By Year,1997-98,82,61,21,0.7440000000000001,3953.0,108.5,100.4,8.1,0.6509999999999999,1.73,18.9,0.287,0.6609999999999999,0.47700000000000004,0.151,0.521,0.5579999999999999,92.45,0.544,1,1,2,1,19,4,4,3,1,1,1,9,22,22,9,3,6,17,4,210,1997-98,1,1610612760,OKC,False
521,21,By Year,1996-97,82,57,25,0.695,4093.0,108.2,99.5,8.7,0.644,1.57,18.2,0.309,0.691,0.501,0.161,0.51,0.557,89.82,0.562,1,4,5,5,1,5,2,2,2,5,3,4,17,13,18,7,7,22,2,210,1996-97,1,1610612760,OKC,False
544,0,By Year,2017-18,82,48,34,0.585,3951.0,106.2,101.6,4.6,0.586,1.53,17.3,0.215,0.7979999999999999,0.51,0.15,0.527,0.564,97.78,0.532,1,9,11,10,18,8,9,7,17,13,15,22,1,18,3,3,5,1,11,210,2017-18,1,1610612762,UTA,False
545,1,By Year,2016-17,82,51,31,0.622,3951.0,107.4,102.7,4.7,0.544,1.48,16.3,0.23199999999999998,0.789,0.518,0.145,0.526,0.563,93.62,0.534,1,7,9,8,15,5,12,6,21,16,19,21,2,14,1,4,6,8,10,210,2016-17,1,1610612762,UTA,False
546,2,By Year,2015-16,82,40,42,0.488,3991.0,103.1,101.6,1.6,0.526,1.27,15.2,0.259,0.777,0.519,0.158,0.501,0.54,93.26,0.508,1,16,18,18,2,14,8,13,22,21,22,19,3,10,10,9,13,11,15,210,2015-16,0,1610612762,UTA,False
547,3,By Year,2014-15,82,38,44,0.46299999999999997,3941.0,102.5,102.1,0.5,0.563,1.3,16.0,0.29100000000000004,0.763,0.528,0.165,0.494,0.531,92.78,0.507,1,18,20,20,19,16,10,15,20,20,21,14,4,4,14,12,16,13,16,210,2014-15,0,1610612762,UTA,False
548,4,By Year,2013-14,82,25,57,0.305,3956.0,100.6,109.1,-8.4,0.564,1.39,16.1,0.255,0.745,0.49200000000000005,0.155,0.484,0.523,93.57,0.451,1,22,22,22,9,21,22,22,19,18,20,20,7,21,7,17,19,9,22,210,2013-14,0,1610612762,UTA,False
549,5,By Year,2012-13,82,43,39,0.524,3976.0,103.6,104.3,-0.7,0.61,1.54,17.5,0.28800000000000003,0.732,0.507,0.156,0.49200000000000005,0.5329999999999999,93.4,0.504,1,13,15,15,3,13,16,17,16,11,14,15,12,19,8,13,15,10,17,210,2012-13,0,1610612762,UTA,False
550,6,By Year,2011-12,66,36,30,0.545,3233.0,103.7,103.6,0.2,0.57,1.54,16.7,0.302,0.738,0.518,0.14800000000000002,0.48100000000000004,0.525,93.91,0.509,21,20,8,13,21,12,14,16,18,10,17,8,9,15,2,18,18,6,14,210,2011-12,1,1610612762,UTA,False
551,7,By Year,2010-11,82,39,43,0.47600000000000003,3976.0,104.9,107.3,-2.4,0.627,1.63,18.1,0.27,0.7170000000000001,0.491,0.151,0.498,0.544,93.64,0.5,1,17,19,19,3,9,21,19,14,7,12,17,18,22,4,10,11,7,18,210,2010-11,0,1610612762,UTA,False
552,8,By Year,2009-10,82,53,29,0.6459999999999999,3951.0,107.8,102.9,4.8,0.6779999999999999,1.76,19.9,0.268,0.7559999999999999,0.519,0.157,0.524,0.565,96.03,0.55,1,5,6,6,15,4,13,5,8,2,2,18,5,12,9,5,4,2,7,210,2009-10,1,1610612762,UTA,False
553,9,By Year,2008-09,82,48,34,0.585,3976.0,107.1,104.7,2.5,0.644,1.67,18.6,0.282,0.727,0.505,0.153,0.504,0.5539999999999999,95.58,0.535,1,9,11,10,3,6,18,11,13,5,10,16,14,20,5,7,7,3,9,210,2008-09,1,1610612762,UTA,False
554,10,By Year,2007-08,82,54,28,0.659,3941.0,110.8,104.0,6.8,0.66,1.8,19.7,0.295,0.741,0.52,0.153,0.528,0.573,95.57,0.556,1,4,5,5,19,1,15,4,9,1,3,13,8,9,6,2,2,4,4,210,2007-08,1,1610612762,UTA,False
555,11,By Year,2006-07,82,51,31,0.622,3961.0,106.7,104.7,2.0,0.659,1.58,18.6,0.317,0.7509999999999999,0.534,0.16399999999999998,0.502,0.551,94.06,0.531,1,7,9,8,8,7,19,12,10,9,9,7,6,1,12,8,8,5,12,210,2006-07,1,1610612762,UTA,False
556,12,By Year,2005-06,82,41,41,0.5,3976.0,100.8,104.5,-3.6,0.6459999999999999,1.37,17.1,0.324,0.732,0.526,0.172,0.467,0.519,90.35,0.49700000000000005,1,15,17,17,3,20,17,20,11,19,16,4,11,5,18,21,21,19,19,210,2005-06,0,1610612762,UTA,False
557,13,By Year,2004-05,82,26,56,0.317,3956.0,101.1,107.0,-5.9,0.6459999999999999,1.41,17.5,0.319,0.723,0.516,0.171,0.469,0.522,91.01,0.475,1,21,21,21,14,19,20,21,12,17,13,6,16,17,17,20,20,18,21,210,2004-05,0,1610612762,UTA,False
558,14,By Year,2003-04,82,42,40,0.512,3956.0,98.3,100.4,-2.1,0.621,1.22,16.4,0.341,0.7240000000000001,0.529,0.184,0.456,0.509,89.44,0.493,1,14,16,16,9,22,5,18,15,22,18,1,15,2,22,22,22,21,20,210,2003-04,0,1610612762,UTA,False
559,15,By Year,2002-03,82,47,35,0.573,3956.0,102.4,99.8,2.7,0.727,1.53,19.7,0.325,0.7020000000000001,0.521,0.18100000000000002,0.486,0.537,91.96,0.551,1,11,13,12,9,17,3,10,1,12,5,3,22,8,21,15,14,16,5,210,2002-03,1,1610612762,UTA,False
560,16,By Year,2001-02,82,44,38,0.537,3966.0,102.4,101.6,0.8,0.6970000000000001,1.48,18.5,0.335,0.7170000000000001,0.525,0.17600000000000002,0.47200000000000003,0.529,92.98,0.53,1,12,14,14,7,18,7,14,5,15,11,2,17,6,19,19,17,12,13,210,2001-02,1,1610612762,UTA,False
561,17,By Year,2000-01,82,53,29,0.6459999999999999,3956.0,104.1,100.0,4.1,0.713,1.63,19.7,0.302,0.732,0.521,0.17,0.49700000000000005,0.546,92.34,0.5479999999999999,1,5,6,6,13,10,4,9,3,8,4,9,13,7,16,11,9,14,8,210,2000-01,1,1610612762,UTA,False
562,18,By Year,1999-00,82,55,27,0.6709999999999999,3951.0,104.0,99.8,4.2,0.6890000000000001,1.67,19.3,0.295,0.732,0.518,0.16,0.49,0.54,92.18,0.551,1,3,4,4,15,11,2,8,7,4,7,12,10,13,11,14,12,15,6,210,1999-00,1,1610612762,UTA,False
563,19,By Year,1998-99,50,37,13,0.74,2435.0,102.7,95.5,7.2,0.715,1.48,19.1,0.3,0.7040000000000001,0.517,0.179,0.485,0.545,89.56,0.591,22,19,1,3,22,15,1,2,2,14,8,10,21,16,20,16,10,20,1,210,1998-99,1,1610612762,UTA,False
564,20,By Year,1997-98,82,62,20,0.7559999999999999,3956.0,109.3,102.3,7.0,0.6920000000000001,1.64,19.5,0.32299999999999995,0.71,0.529,0.166,0.51,0.569,91.86,0.5710000000000001,1,2,3,2,12,3,11,3,6,6,6,5,20,3,15,6,3,17,3,210,1997-98,1,1610612762,UTA,False
565,21,By Year,1996-97,82,64,18,0.78,4123.0,110.5,101.6,9.0,0.7020000000000001,1.75,20.5,0.297,0.716,0.519,0.165,0.531,0.581,88.86,0.59,1,1,2,1,1,2,6,1,4,3,1,11,19,11,13,1,1,22,2,210,1996-97,1,1610612762,UTA,False
566,0,By Year,2017-18,82,22,60,0.268,3941.0,101.8,108.4,-6.6,0.586,1.44,16.8,0.22399999999999998,0.765,0.488,0.153,0.5,0.539,97.32,0.46,1,16,17,16,19,12,18,17,9,10,10,22,2,13,7,3,2,2,15,210,2017-18,0,1610612763,MEM,False
567,1,By Year,2016-17,82,43,39,0.524,3981.0,104.7,104.5,0.1,0.584,1.65,16.6,0.248,0.775,0.504,0.135,0.491,0.535,94.74,0.501,1,8,9,9,4,2,11,9,11,1,12,19,1,6,1,8,6,7,9,210,2016-17,1,1610612763,MEM,False
568,2,By Year,2015-16,82,42,40,0.512,3966.0,102.6,105.4,-2.9,0.562,1.56,16.1,0.253,0.7509999999999999,0.491,0.138,0.47700000000000004,0.524,95.65,0.483,1,9,10,10,11,8,15,11,16,5,15,18,5,12,2,15,14,5,11,210,2015-16,1,1610612763,MEM,False
569,3,By Year,2014-15,82,55,27,0.6709999999999999,3981.0,103.1,99.9,3.1,0.574,1.62,17.0,0.247,0.753,0.501,0.14,0.489,0.531,94.21,0.53,1,2,3,2,4,6,6,3,15,2,9,20,4,8,3,9,10,10,2,210,2014-15,1,1610612763,MEM,False
570,4,By Year,2013-14,82,50,32,0.61,3961.0,103.3,102.1,1.2,0.574,1.59,17.3,0.28300000000000003,0.757,0.52,0.147,0.494,0.529,92.25,0.518,1,3,4,4,13,5,7,8,14,3,6,10,3,3,5,5,11,17,5,210,2013-14,1,1610612763,MEM,False
571,5,By Year,2012-13,82,56,26,0.6829999999999999,3961.0,101.7,97.4,4.2,0.579,1.5,16.6,0.31,0.743,0.522,0.152,0.47200000000000003,0.514,91.15,0.531,1,1,2,1,13,13,1,1,12,7,11,3,6,2,6,18,18,19,1,210,2012-13,1,1610612763,MEM,False
572,6,By Year,2011-12,66,41,25,0.621,3188.0,101.0,98.9,2.1,0.532,1.35,15.5,0.298,0.727,0.508,0.154,0.473,0.515,93.43,0.514,21,10,1,3,21,16,2,6,18,15,18,6,10,4,8,17,17,15,8,210,2011-12,1,1610612763,MEM,False
573,7,By Year,2010-11,82,46,36,0.561,3976.0,104.4,102.5,1.9,0.528,1.48,16.1,0.289,0.725,0.505,0.146,0.493,0.534,94.5,0.518,1,6,7,7,7,3,8,7,19,8,16,9,11,5,4,7,8,9,4,210,2010-11,1,1610612763,MEM,False
574,8,By Year,2009-10,82,40,42,0.488,3981.0,104.8,107.6,-2.9,0.479,1.24,14.5,0.313,0.733,0.523,0.156,0.494,0.536,96.14,0.486,1,11,11,11,4,1,17,10,22,19,21,2,9,1,11,6,5,3,10,210,2009-10,0,1610612763,MEM,False
575,9,By Year,2008-09,82,24,58,0.293,3961.0,100.9,106.8,-5.9,0.49700000000000005,1.14,14.4,0.258,0.735,0.493,0.16399999999999998,0.486,0.5329999999999999,92.45,0.457,1,13,14,13,13,17,16,15,21,21,22,16,7,9,15,12,9,16,16,210,2008-09,0,1610612763,MEM,False
576,10,By Year,2007-08,82,22,60,0.268,3961.0,102.4,109.2,-6.8,0.514,1.26,15.0,0.23800000000000002,0.7340000000000001,0.483,0.155,0.5,0.539,97.49,0.451,1,16,17,16,13,10,20,18,20,17,20,21,8,18,10,2,3,1,20,210,2007-08,0,1610612763,MEM,False
577,11,By Year,2006-07,82,22,60,0.268,3996.0,104.3,109.7,-5.4,0.56,1.25,16.0,0.259,0.711,0.485,0.168,0.504,0.555,95.88,0.462,1,16,17,16,2,4,22,13,17,18,17,15,13,17,17,1,1,4,14,210,2006-07,0,1610612763,MEM,False
578,12,By Year,2005-06,82,49,33,0.598,3971.0,103.0,99.2,3.8,0.578,1.4,16.3,0.258,0.72,0.491,0.155,0.496,0.537,88.55,0.516,1,5,6,6,9,7,4,2,13,13,14,17,12,11,9,4,4,21,6,210,2005-06,1,1610612763,MEM,False
579,13,By Year,2004-05,82,45,37,0.5489999999999999,3941.0,102.5,99.9,2.7,0.612,1.43,17.0,0.271,0.6990000000000001,0.486,0.16,0.489,0.535,91.08,0.515,1,7,8,8,19,9,5,5,7,11,7,12,15,15,14,10,7,20,7,210,2004-05,1,1610612763,MEM,False
580,14,By Year,2003-04,82,50,32,0.61,3976.0,101.9,99.2,2.7,0.6459999999999999,1.56,17.8,0.295,0.684,0.48700000000000004,0.158,0.479,0.522,93.99,0.522,1,3,4,4,7,11,3,4,4,4,4,8,18,14,12,14,16,12,3,210,2003-04,1,1610612763,MEM,False
581,15,By Year,2002-03,82,28,54,0.341,3986.0,101.0,104.6,-3.6,0.621,1.5,17.6,0.27,0.687,0.48100000000000004,0.159,0.48700000000000004,0.526,95.19,0.48200000000000004,1,12,13,12,3,15,12,12,6,6,5,13,17,20,13,11,13,6,12,210,2002-03,0,1610612763,MEM,False
582,16,By Year,2001-02,82,23,59,0.28,3956.0,95.4,103.8,-8.4,0.626,1.33,17.0,0.278,0.68,0.479,0.174,0.462,0.501,93.5,0.456,1,14,15,14,17,21,10,20,5,16,8,11,19,21,19,21,21,14,18,210,2001-02,0,1610612763,MEM,False
583,17,By Year,2000-01,82,23,59,0.28,3956.0,96.8,103.2,-6.3,0.662,1.47,18.0,0.261,0.698,0.48100000000000004,0.166,0.46399999999999997,0.51,94.13,0.465,1,14,15,14,17,20,9,16,1,9,2,14,16,19,16,20,19,11,13,210,2000-01,0,1610612763,MEM,False
584,18,By Year,1999-00,82,22,60,0.268,3971.0,99.7,105.3,-5.6,0.588,1.23,16.3,0.301,0.706,0.502,0.179,0.474,0.524,93.53,0.457,1,16,17,16,9,18,14,14,8,20,13,5,14,7,20,16,15,13,17,210,1999-00,0,1610612763,MEM,False
585,19,By Year,1998-99,50,8,42,0.16,2435.0,95.4,105.1,-9.6,0.586,1.14,15.4,0.309,0.669,0.486,0.182,0.447,0.498,91.63,0.42700000000000005,22,22,11,22,22,22,13,21,10,22,19,4,20,16,22,22,22,18,22,210,1998-99,0,1610612763,MEM,False
586,20,By Year,1997-98,82,19,63,0.23199999999999998,3966.0,101.1,109.3,-8.2,0.652,1.4,18.0,0.314,0.669,0.49200000000000005,0.179,0.48200000000000004,0.527,94.6,0.452,1,20,21,20,11,14,21,19,3,14,1,1,21,10,21,13,12,8,19,210,1997-98,0,1610612763,MEM,False
587,21,By Year,1996-97,82,14,68,0.171,4076.0,97.6,108.9,-11.3,0.6609999999999999,1.43,17.9,0.297,0.6409999999999999,0.467,0.174,0.47100000000000003,0.507,88.23,0.433,1,21,22,21,1,19,19,22,2,12,3,7,22,22,18,19,20,22,21,210,1996-97,0,1610612763,MEM,False
