,Unnamed: 0,GROUP_SET,GROUP_VALUE,GP,W,L,W_PCT,MIN,FGM,FGA,FG_PCT,FG3M,FG3A,FG3_PCT,FTM,FTA,FT_PCT,OREB,DREB,REB,AST,TOV,STL,BLK,BLKA,PF,PFD,PTS,PLUS_MINUS,GP_RANK,W_RANK,L_RANK,W_PCT_RANK,MIN_RANK,FGM_RANK,FGA_RANK,FG_PCT_RANK,FG3M_RANK,FG3A_RANK,FG3_PCT_RANK,FTM_RANK,FTA_RANK,FT_PCT_RANK,OREB_RANK,DREB_RANK,REB_RANK,AST_RANK,TOV_RANK,STL_RANK,BLK_RANK,BLKA_RANK,PF_RANK,PFD_RANK,PTS_RANK,PLUS_MINUS_RANK,CFID,CFPARAMS,PLAYOFFS,TEAM_ID,TEAM_NAME,EASTERN
0,0,By Year,2017-18,82,24,58,0.293,48.1,38.2,85.5,0.446,11.2,31.0,0.36,15.8,20.2,0.785,9.1,32.8,41.9,23.7,15.6,7.8,4.2,5.5,19.6,20.3,103.4,-5.5,1,21,21,21,21,3,1,13,1,1,7,19,20,2,19,3,10,5,15,10,19,19,9,6,1,21,210,2017-18,0,1610612737,ATL,True
1,1,By Year,2016-17,82,43,39,0.524,48.5,38.1,84.4,0.451,8.9,26.1,0.341,18.1,24.9,0.728,10.3,34.1,44.3,23.6,15.8,8.2,4.8,5.2,18.2,21.6,103.2,-0.9,1,9,11,11,5,4,3,12,5,4,16,11,7,20,15,1,2,6,17,5,11,18,4,4,2,12,210,2016-17,1,1610612737,ATL,True
2,2,By Year,2015-16,82,48,34,0.585,48.4,38.6,84.4,0.45799999999999996,9.9,28.4,0.35,15.6,20.0,0.7829999999999999,8.3,33.8,42.1,25.6,15.0,9.1,5.9,5.0,19.1,18.3,102.8,3.6,1,5,7,7,13,2,2,7,3,2,15,20,21,3,22,2,9,2,10,1,2,13,7,13,3,4,210,2015-16,1,1610612737,ATL,True
3,3,By Year,2014-15,82,60,22,0.732,48.1,38.1,81.7,0.466,10.0,26.2,0.38,16.5,21.2,0.778,8.7,31.8,40.6,25.7,14.2,9.1,4.6,4.9,17.8,19.6,102.5,5.4,1,1,2,1,18,5,6,2,2,3,1,17,17,6,20,4,17,1,5,2,14,10,1,8,4,2,210,2014-15,1,1610612737,ATL,True
4,4,By Year,2013-14,82,38,44,0.46299999999999997,48.4,37.3,81.6,0.45799999999999996,9.4,25.8,0.363,17.0,21.7,0.7809999999999999,8.7,31.3,40.0,24.9,15.3,8.3,4.0,4.3,19.2,20.0,101.0,-0.5,1,11,12,12,13,7,7,6,4,5,6,15,16,4,21,8,21,3,12,4,22,4,8,7,6,10,210,2013-14,1,1610612737,ATL,True
5,5,By Year,2012-13,82,44,38,0.537,48.4,37.6,81.0,0.46399999999999997,8.6,23.2,0.371,14.1,19.7,0.715,9.2,31.6,40.9,24.5,14.9,8.1,4.5,4.3,18.0,18.8,98.0,0.4,1,7,9,9,9,6,11,3,6,6,2,22,22,21,18,5,16,4,7,8,17,3,3,11,9,9,210,2012-13,1,1610612737,ATL,True
6,6,By Year,2011-12,66,40,26,0.606,49.0,36.8,81.0,0.45399999999999996,7.5,20.2,0.37,15.5,21.0,0.74,9.9,31.3,41.2,22.4,14.0,8.1,4.6,4.7,17.8,19.1,96.6,3.4,21,10,3,6,2,8,10,9,8,8,3,21,19,17,16,7,14,7,4,7,15,8,2,10,11,6,210,2011-12,1,1610612737,ATL,True
7,7,By Year,2010-11,82,44,38,0.537,48.1,36.2,78.4,0.462,6.1,17.4,0.35200000000000004,16.4,21.1,0.779,9.3,30.0,39.3,22.0,13.6,6.1,4.2,4.2,19.0,18.5,95.0,-0.8,1,7,9,9,18,11,18,4,11,11,14,18,18,5,17,12,22,9,3,22,21,2,6,12,13,11,210,2010-11,1,1610612737,ATL,True
8,8,By Year,2009-10,82,53,29,0.6459999999999999,48.4,38.8,82.9,0.46799999999999997,6.4,17.7,0.36,17.7,23.3,0.759,11.8,29.9,41.7,21.8,12.0,7.2,5.0,4.4,19.9,19.3,101.7,4.7,1,3,5,3,12,1,5,1,10,10,8,13,14,13,11,15,12,10,1,18,9,6,12,9,5,3,210,2009-10,1,1610612737,ATL,True
9,9,By Year,2008-09,82,47,35,0.573,48.1,36.0,78.7,0.45799999999999996,7.3,19.9,0.366,18.7,25.4,0.737,10.6,29.4,40.0,20.2,12.8,7.4,4.6,4.3,19.6,20.5,98.1,1.6,1,6,8,8,21,12,16,5,9,9,5,7,6,18,14,18,20,12,2,16,16,4,10,5,8,8,210,2008-09,1,1610612737,ATL,True
10,10,By Year,2007-08,82,37,45,0.451,48.4,36.3,79.9,0.45399999999999996,4.7,13.1,0.35600000000000004,21.0,27.2,0.772,12.3,29.9,42.2,22.0,14.9,7.3,5.5,5.1,20.4,21.9,98.2,-1.8,1,12,13,13,9,10,13,10,16,16,11,2,3,8,8,14,8,8,9,17,5,15,14,3,7,13,210,2007-08,1,1610612737,ATL,True
11,11,By Year,2006-07,82,30,52,0.366,48.5,34.5,77.7,0.444,4.2,12.7,0.32899999999999996,20.5,26.9,0.7609999999999999,11.9,28.2,40.1,19.2,15.9,7.4,5.4,5.1,24.0,22.6,93.7,-4.8,1,16,16,16,8,19,19,16,17,18,19,4,5,11,10,21,19,17,18,15,6,15,20,2,18,17,210,2006-07,0,1610612737,ATL,True
12,12,By Year,2005-06,82,26,56,0.317,48.5,35.9,79.2,0.45399999999999996,5.2,14.1,0.36700000000000005,20.2,26.9,0.75,13.0,27.2,40.3,19.8,15.7,7.2,4.8,5.1,25.0,22.6,97.2,-4.8,1,19,19,19,5,13,15,11,12,14,4,5,4,15,5,22,18,15,16,19,12,17,22,1,10,17,210,2005-06,0,1610612737,ATL,True
13,13,By Year,2004-05,82,13,69,0.159,48.4,35.9,81.4,0.441,3.7,11.9,0.312,17.3,24.3,0.711,13.4,28.5,41.9,19.7,16.1,7.7,4.2,5.9,24.5,0.0,92.7,-9.7,1,22,22,22,9,14,8,17,21,20,21,14,9,22,4,20,11,16,19,12,20,20,21,21,20,22,210,2004-05,0,1610612737,ATL,True
14,14,By Year,2003-04,82,28,54,0.341,48.5,34.5,79.6,0.433,5.1,15.2,0.335,18.7,24.1,0.7759999999999999,12.1,30.6,42.7,20.1,16.5,7.6,5.0,5.1,22.3,0.0,92.8,-4.6,1,17,17,17,4,20,14,20,14,12,17,8,11,7,9,10,6,14,20,13,10,14,18,20,19,16,210,2003-04,0,1610612737,ATL,True
15,15,By Year,2002-03,82,35,47,0.42700000000000005,48.6,34.9,78.5,0.444,4.9,13.9,0.35200000000000004,19.4,24.5,0.7929999999999999,11.4,31.2,42.6,20.5,16.7,7.5,5.8,5.0,21.7,0.1,94.1,-3.6,1,13,14,14,3,18,17,15,15,15,13,6,8,1,13,9,7,11,21,14,3,12,17,18,16,14,210,2002-03,0,1610612737,ATL,True
16,16,By Year,2001-02,82,33,49,0.402,48.2,35.4,80.6,0.439,5.2,14.6,0.354,18.1,23.7,0.765,11.6,29.8,41.5,20.2,15.5,8.1,4.3,6.2,20.8,0.1,94.0,-4.2,1,14,15,15,17,15,12,19,13,13,12,10,13,9,12,16,13,13,14,6,18,21,15,17,17,15,210,2001-02,0,1610612737,ATL,True
17,17,By Year,2000-01,82,25,57,0.305,48.1,35.1,81.3,0.431,4.1,11.4,0.35700000000000004,16.8,22.1,0.759,12.5,30.4,42.9,19.0,16.7,7.7,4.7,6.3,22.7,0.0,91.0,-5.2,1,20,20,20,18,17,9,21,19,21,10,16,15,12,6,11,5,19,22,11,13,22,19,21,21,19,210,2000-01,0,1610612737,ATL,True
18,18,By Year,1999-00,82,28,54,0.341,48.4,36.6,83.0,0.441,3.1,9.9,0.317,18.0,24.2,0.743,14.0,31.3,45.3,18.9,15.4,6.1,5.6,4.9,21.0,1.6,94.3,-5.4,1,17,17,17,13,9,4,18,22,22,20,12,10,16,1,6,1,21,13,21,4,10,16,14,15,20,210,1999-00,0,1610612737,ATL,True
19,19,By Year,1998-99,50,31,19,0.62,48.3,30.8,75.2,0.409,3.9,12.9,0.306,20.8,28.4,0.731,13.5,30.0,43.5,15.6,14.9,6.9,5.2,4.9,19.7,0.2,86.3,2.9,22,15,1,4,16,22,22,22,20,17,22,3,1,19,2,13,3,22,8,20,8,9,11,15,22,7,210,1998-99,1,1610612737,ATL,True
20,20,By Year,1997-98,82,50,32,0.61,48.5,35.2,77.5,0.455,4.1,12.4,0.332,21.3,28.2,0.7559999999999999,13.5,29.5,43.0,19.1,14.8,7.9,6.0,4.5,20.4,0.2,95.9,3.5,1,4,6,5,5,16,20,8,18,19,18,1,2,14,3,17,4,18,6,9,1,7,13,16,12,5,210,1997-98,1,1610612737,ATL,True
21,21,By Year,1996-97,82,56,26,0.6829999999999999,49.7,34.3,76.9,0.446,8.0,22.4,0.36,18.2,23.8,0.763,12.5,28.7,41.1,19.0,15.0,8.5,5.2,4.0,18.4,0.1,94.8,5.4,1,2,3,2,1,21,21,14,7,7,9,9,12,10,7,19,15,20,11,3,7,1,5,19,14,1,210,1996-97,1,1610612737,ATL,True
22,0,By Year,2017-18,82,55,27,0.6709999999999999,48.3,38.3,85.1,0.45,11.5,30.4,0.377,16.0,20.7,0.7709999999999999,9.4,35.1,44.5,22.5,14.0,7.4,4.5,4.4,19.7,19.2,104.0,3.6,1,4,4,4,12,4,4,10,2,2,3,19,20,6,17,1,2,9,6,19,9,1,1,10,3,5,210,2017-18,1,1610612738,BOS,True
23,1,By Year,2016-17,82,53,29,0.6459999999999999,48.2,38.6,85.1,0.45399999999999996,12.0,33.4,0.359,18.7,23.2,0.807,9.1,32.9,42.0,25.2,13.3,7.5,4.1,5.2,20.6,20.3,108.0,2.6,1,5,6,5,17,3,3,9,1,1,10,11,15,1,18,3,10,1,1,18,15,15,4,7,1,7,210,2016-17,1,1610612738,BOS,True
24,2,By Year,2015-16,82,48,34,0.585,48.2,39.2,89.2,0.439,8.7,26.1,0.335,18.5,23.5,0.7879999999999999,11.6,33.3,44.9,24.2,13.7,9.2,4.2,5.5,21.9,21.0,105.7,3.2,1,8,10,9,14,1,1,16,4,4,17,12,14,2,6,2,1,3,3,7,12,19,11,6,2,6,210,2015-16,1,1610612738,BOS,True
25,3,By Year,2014-15,82,40,42,0.488,48.5,38.9,87.9,0.44299999999999995,8.0,24.6,0.327,15.4,20.5,0.754,11.1,32.7,43.8,24.5,13.8,8.2,3.6,5.3,21.2,18.8,101.4,0.2,1,12,14,13,4,2,2,14,6,5,22,20,21,14,8,4,3,2,4,14,20,16,5,12,4,11,210,2014-15,1,1610612738,BOS,True
26,4,By Year,2013-14,82,25,57,0.305,48.1,36.5,83.9,0.435,7.0,21.1,0.33299999999999996,16.2,20.8,0.777,12.0,30.5,42.5,21.0,15.4,7.1,4.2,4.5,21.3,19.1,96.2,-4.5,1,19,20,20,19,13,7,18,9,7,19,18,19,4,5,11,6,16,13,21,14,4,7,11,15,21,210,2013-14,0,1610612738,BOS,True
27,5,By Year,2012-13,81,41,40,0.506,49.0,37.0,79.7,0.465,6.1,17.2,0.358,16.3,21.0,0.7759999999999999,8.1,31.3,39.3,22.8,14.6,8.2,4.5,4.7,21.2,19.4,96.5,-0.2,20,11,13,12,2,10,11,7,12,12,12,17,18,5,20,8,19,7,8,13,10,6,6,9,12,12,210,2012-13,1,1610612738,BOS,True
28,6,By Year,2011-12,66,39,27,0.591,48.3,35.5,77.1,0.46,5.5,15.0,0.36700000000000005,15.4,19.8,0.778,7.7,31.1,38.8,23.6,14.8,7.5,5.5,4.6,19.9,18.4,91.8,2.5,21,13,4,8,13,17,19,8,17,21,4,21,22,3,22,9,21,4,9,17,1,5,2,13,22,8,210,2011-12,1,1610612738,BOS,True
29,7,By Year,2010-11,82,56,26,0.6829999999999999,48.2,36.9,75.8,0.486,5.0,13.6,0.365,17.8,23.1,0.77,7.8,31.0,38.8,23.4,14.6,8.2,4.2,4.4,20.5,20.2,96.5,5.4,1,3,3,3,14,11,22,1,22,22,6,15,16,8,21,10,20,6,7,12,13,1,3,8,13,3,210,2010-11,1,1610612738,BOS,True
30,8,By Year,2009-10,82,50,32,0.61,48.2,37.1,76.8,0.483,6.1,17.5,0.348,19.0,25.5,0.746,8.7,29.9,38.6,23.5,14.9,8.5,4.9,4.7,22.1,21.7,99.2,3.7,1,6,8,6,14,9,20,3,13,11,15,10,9,17,19,13,22,5,10,10,5,7,12,4,10,4,210,2009-10,1,1610612738,BOS,True
31,9,By Year,2008-09,82,62,20,0.7559999999999999,48.5,37.5,77.2,0.486,6.6,16.5,0.397,19.4,25.3,0.765,10.6,31.5,42.1,22.7,15.6,7.6,4.7,4.7,23.1,22.2,100.9,7.5,1,2,2,2,5,5,17,2,11,13,1,8,10,10,12,6,8,8,14,16,6,8,15,2,6,2,210,2008-09,1,1610612738,BOS,True
32,10,By Year,2007-08,82,66,16,0.805,48.2,36.4,76.7,0.475,7.3,19.1,0.381,20.5,26.5,0.7709999999999999,10.1,31.9,42.0,22.4,15.2,8.5,4.6,4.7,22.7,22.2,100.5,10.3,1,1,1,1,17,14,21,4,7,10,2,2,6,7,15,5,9,10,11,11,8,8,14,3,8,1,210,2007-08,1,1610612738,BOS,True
33,11,By Year,2006-07,82,24,58,0.293,48.4,34.9,78.7,0.44299999999999995,5.7,15.6,0.36700000000000005,20.4,26.6,0.767,11.2,29.2,40.4,19.9,16.5,7.2,4.7,5.5,24.0,21.4,95.8,-3.4,1,20,21,21,8,18,15,13,14,16,5,3,5,9,7,19,13,21,21,20,7,18,18,5,17,20,210,2006-07,0,1610612738,BOS,True
34,12,By Year,2005-06,82,33,49,0.402,48.5,36.0,77.1,0.467,5.7,15.7,0.36200000000000004,20.3,26.9,0.755,9.9,29.7,39.6,20.9,16.6,7.0,5.1,4.9,24.8,22.4,98.0,-1.5,1,18,19,18,7,16,18,6,15,15,8,4,2,13,16,16,17,18,22,22,3,11,20,1,11,16,210,2005-06,0,1610612738,BOS,True
35,13,By Year,2004-05,82,45,37,0.5489999999999999,48.5,37.1,79.4,0.46799999999999997,5.3,15.3,0.349,21.6,28.3,0.764,11.1,29.7,40.8,22.1,15.8,8.1,5.2,4.9,24.4,0.0,101.3,0.9,1,9,11,10,6,8,12,5,19,18,14,1,1,12,9,15,11,12,16,15,2,10,19,21,5,10,210,2004-05,1,1610612738,BOS,True
36,14,By Year,2003-04,82,36,46,0.439,48.1,34.7,78.2,0.44299999999999995,6.7,19.5,0.34600000000000003,19.2,25.5,0.75,10.4,29.8,40.1,20.5,16.2,9.4,4.0,5.0,22.4,0.0,95.3,-1.5,1,14,15,14,22,20,16,12,10,9,16,9,8,15,13,14,14,20,19,5,17,13,13,20,18,15,210,2003-04,1,1610612738,BOS,True
37,15,By Year,2002-03,82,44,38,0.537,48.4,32.9,79.4,0.415,8.8,26.3,0.33399999999999996,18.0,24.3,0.742,10.4,30.1,40.5,19.2,14.0,8.8,3.7,4.5,21.4,0.0,92.7,-0.4,1,10,12,11,9,22,13,22,3,3,18,14,11,19,14,12,12,22,5,9,19,3,8,18,21,13,210,2002-03,1,1610612738,BOS,True
38,16,By Year,2001-02,82,49,33,0.598,48.4,34.8,82.1,0.424,8.5,23.7,0.359,18.3,23.9,0.764,10.9,31.3,42.2,21.0,13.6,9.7,3.6,5.8,21.7,0.0,96.4,2.2,1,7,9,7,9,19,10,21,5,6,11,13,13,11,11,7,7,17,2,4,21,21,9,19,14,9,210,2001-02,1,1610612738,BOS,True
39,17,By Year,2000-01,82,36,46,0.439,48.4,33.8,79.1,0.428,7.2,19.9,0.363,19.8,26.7,0.74,10.9,28.9,39.8,20.8,15.7,9.4,4.1,5.4,23.8,0.0,94.6,-2.1,1,14,15,14,9,21,14,20,8,8,7,6,4,20,10,20,16,19,15,6,16,17,16,21,19,18,210,2000-01,0,1610612738,BOS,True
40,18,By Year,1999-00,82,35,47,0.42700000000000005,48.1,37.2,83.9,0.444,5.1,15.4,0.331,19.8,26.5,0.745,13.5,29.5,43.0,21.2,15.4,9.7,3.5,5.8,27.1,2.3,99.3,-0.8,1,17,18,17,19,7,8,11,20,17,21,6,7,18,3,17,4,15,12,3,22,20,22,14,9,14,210,1999-00,0,1610612738,BOS,True
41,19,By Year,1998-99,50,19,31,0.38,48.6,36.3,83.3,0.436,5.5,15.2,0.36,14.9,21.5,0.6920000000000001,13.6,29.2,42.8,21.5,16.1,9.1,5.1,5.1,23.9,0.1,93.0,-1.9,22,21,7,19,3,15,9,17,18,20,9,22,17,22,2,18,5,14,17,8,4,14,17,16,20,17,210,1998-99,0,1610612738,BOS,True
42,20,By Year,1997-98,82,36,46,0.439,48.1,36.7,84.6,0.434,5.1,15.2,0.332,17.4,24.0,0.726,14.6,24.9,39.5,22.1,16.2,12.0,4.5,5.0,26.8,0.2,95.9,-2.6,1,14,15,14,19,12,6,19,21,19,20,16,12,21,1,22,18,11,18,1,11,12,21,15,16,19,210,1997-98,0,1610612738,BOS,True
43,21,By Year,1996-97,82,15,67,0.183,50.1,37.4,85.0,0.44,5.7,16.2,0.35100000000000003,20.1,26.8,0.75,13.3,26.7,40.0,21.9,16.4,9.9,3.8,6.8,21.7,0.1,100.6,-7.3,1,22,22,22,1,6,5,15,15,14,13,5,3,16,4,21,15,13,20,2,18,22,10,17,7,22,210,1996-97,0,1610612738,BOS,True
44,0,By Year,2017-18,82,50,32,0.61,48.1,40.4,84.8,0.47600000000000003,12.0,32.1,0.37200000000000005,18.1,23.3,0.779,8.5,33.7,42.1,23.4,13.7,7.1,3.8,4.1,18.6,20.7,110.9,0.9,1,6,7,6,21,1,3,2,2,2,7,13,18,1,22,3,15,2,4,13,21,3,3,6,1,10,210,2017-18,1,1610612739,CLE,True
45,1,By Year,2016-17,82,51,31,0.622,48.5,39.9,84.9,0.47,13.0,33.9,0.384,17.5,23.3,0.748,9.3,34.4,43.7,22.7,13.7,6.6,4.0,4.3,18.1,20.6,110.3,3.2,1,5,6,5,3,2,1,3,1,1,2,18,17,13,21,1,6,6,3,22,17,4,1,7,2,6,210,2016-17,1,1610612739,CLE,True
46,2,By Year,2015-16,82,57,25,0.695,48.4,38.7,84.0,0.46,10.7,29.6,0.36200000000000004,16.3,21.7,0.748,10.6,33.9,44.5,22.7,13.6,6.7,3.9,4.4,20.3,20.6,104.3,6.0,1,3,3,3,6,3,5,5,3,3,10,21,21,14,17,2,4,5,2,20,19,8,9,7,3,3,210,2015-16,1,1610612739,CLE,True
47,3,By Year,2014-15,82,53,29,0.6459999999999999,48.2,37.7,82.2,0.45799999999999996,10.1,27.5,0.36700000000000005,17.7,23.6,0.7509999999999999,11.1,31.9,43.0,22.1,14.3,7.4,4.1,4.5,18.4,20.5,103.1,4.5,1,4,5,4,16,5,8,6,4,4,9,17,16,9,14,7,8,9,12,10,14,9,2,9,4,4,210,2014-15,1,1610612739,CLE,True
48,4,By Year,2013-14,82,33,49,0.402,48.6,37.0,84.8,0.43700000000000006,7.1,20.0,0.35600000000000004,17.0,22.7,0.7509999999999999,12.1,32.1,44.1,21.2,14.2,7.1,3.7,5.6,20.0,19.5,98.2,-3.3,1,14,16,15,2,6,2,17,7,6,12,19,19,10,10,5,5,12,10,14,22,15,6,13,7,15,210,2013-14,0,1610612739,CLE,True
49,5,By Year,2012-13,82,24,58,0.293,48.1,36.5,84.2,0.434,6.7,19.3,0.34600000000000003,16.8,22.3,0.7559999999999999,12.2,28.8,41.0,20.7,14.0,7.9,4.1,6.8,21.2,19.7,96.5,-4.7,1,18,20,20,22,8,4,19,9,9,14,20,20,6,9,18,18,18,9,6,15,22,13,12,12,19,210,2012-13,0,1610612739,CLE,True
50,6,By Year,2011-12,66,21,45,0.318,48.4,34.3,81.2,0.42200000000000004,6.7,19.3,0.34600000000000003,17.8,24.9,0.716,12.7,29.5,42.3,19.8,15.4,7.1,4.0,6.2,20.0,20.9,93.0,-7.2,21,20,14,19,11,20,12,22,10,8,15,16,10,21,5,17,13,21,17,16,18,20,5,4,16,20,210,2011-12,0,1610612739,CLE,True
51,7,By Year,2010-11,82,19,63,0.23199999999999998,48.2,35.2,81.1,0.434,6.2,18.2,0.342,18.9,25.3,0.745,10.4,29.9,40.3,21.0,14.2,6.6,4.2,6.0,20.1,21.3,95.5,-9.0,1,21,21,21,20,17,14,18,11,11,16,8,8,16,18,15,19,13,11,21,13,17,7,3,14,21,210,2010-11,0,1610612739,CLE,True
52,8,By Year,2009-10,82,61,21,0.7440000000000001,48.2,37.8,77.9,0.485,7.3,19.3,0.381,19.1,26.6,0.72,9.6,32.8,42.5,22.4,13.9,6.9,5.2,4.0,19.4,20.8,102.1,6.5,1,2,2,2,17,4,19,1,6,7,3,6,5,19,19,4,10,8,5,19,8,1,4,5,5,2,210,2009-10,1,1610612739,CLE,True
53,9,By Year,2008-09,82,66,16,0.805,48.2,36.9,78.7,0.46799999999999997,8.0,20.4,0.39299999999999996,18.6,24.5,0.757,10.8,31.4,42.2,20.3,12.7,7.2,5.3,4.1,20.3,20.3,100.3,8.9,1,1,1,1,18,7,17,4,5,5,1,11,13,4,16,8,14,19,1,11,6,2,8,11,6,1,210,2008-09,1,1610612739,CLE,True
54,10,By Year,2007-08,82,45,37,0.5489999999999999,48.4,35.8,81.7,0.439,6.7,18.8,0.358,18.0,25.1,0.7170000000000001,13.3,31.3,44.6,20.0,14.0,7.1,5.2,4.7,20.9,20.3,96.4,-0.4,1,10,11,10,10,13,10,16,8,10,11,15,9,20,4,9,3,20,8,14,7,10,10,10,13,12,210,2007-08,1,1610612739,CLE,True
55,11,By Year,2006-07,82,50,32,0.61,48.5,36.3,81.2,0.447,6.0,17.1,0.35200000000000004,18.1,26.0,0.696,12.7,30.8,43.5,20.8,14.4,7.6,4.3,4.3,21.7,22.0,96.8,3.8,1,6,7,6,3,10,13,11,13,13,13,14,7,22,6,11,7,16,13,9,12,4,16,2,10,5,210,2006-07,1,1610612739,CLE,True
56,12,By Year,2005-06,82,50,32,0.61,48.4,35.5,78.2,0.45399999999999996,6.1,17.9,0.33899999999999997,20.6,28.3,0.7290000000000001,11.7,30.6,42.3,19.0,13.9,6.9,4.8,4.4,21.1,22.5,97.6,2.2,1,6,7,6,12,15,18,8,12,12,18,1,1,17,12,12,11,22,5,18,10,7,12,1,8,8,210,2005-06,1,1610612739,CLE,True
57,13,By Year,2004-05,82,42,40,0.512,48.4,36.5,81.5,0.447,3.7,11.0,0.332,19.9,26.5,0.752,13.6,28.7,42.3,22.6,13.9,8.0,5.6,5.1,22.6,0.0,96.5,0.8,1,11,12,11,5,9,11,12,17,17,20,5,6,8,3,19,12,7,7,5,4,11,17,21,11,11,210,2004-05,0,1610612739,CLE,True
58,14,By Year,2003-04,82,35,47,0.42700000000000005,48.4,35.6,82.4,0.433,3.0,9.6,0.314,18.6,24.7,0.753,13.6,31.9,45.6,22.0,14.8,7.1,6.5,5.3,21.3,0.0,92.9,-2.6,1,13,15,14,6,14,6,20,21,21,22,10,12,7,1,6,1,10,16,12,1,12,14,20,17,14,210,2003-04,0,1610612739,CLE,True
59,15,By Year,2002-03,82,17,65,0.207,48.4,34.8,82.3,0.42200000000000004,3.6,10.9,0.327,18.3,24.5,0.747,13.6,31.0,44.6,20.9,18.3,7.8,6.4,6.0,22.7,0.1,91.4,-9.6,1,22,22,22,12,18,7,21,20,18,21,12,13,15,1,10,2,15,22,8,2,18,18,19,20,22,210,2002-03,0,1610612739,CLE,True
60,16,By Year,2001-02,82,29,53,0.354,48.4,36.0,80.3,0.44799999999999995,4.7,12.5,0.377,18.6,24.1,0.772,11.8,30.3,42.1,23.1,14.6,7.0,5.7,5.6,21.4,0.1,95.3,-3.3,1,17,19,18,6,12,15,10,15,15,4,9,15,2,11,14,17,4,15,17,3,14,15,17,15,16,210,2001-02,0,1610612739,CLE,True
61,17,By Year,2000-01,82,30,52,0.366,48.4,35.2,79.7,0.442,2.7,8.0,0.33399999999999996,19.0,24.9,0.765,12.4,29.8,42.1,20.8,16.5,7.8,5.3,6.6,23.2,0.0,92.2,-4.2,1,16,18,17,12,16,16,13,22,22,19,7,11,3,7,16,15,16,19,7,5,21,19,22,19,18,210,2000-01,0,1610612739,CLE,True
62,18,By Year,1999-00,82,32,50,0.39,48.4,36.3,82.1,0.442,4.2,11.2,0.373,20.2,26.9,0.75,12.3,30.5,42.8,23.7,17.4,8.7,4.4,6.1,27.1,3.0,97.0,-3.5,1,15,17,16,6,11,9,14,16,16,6,3,3,11,8,13,9,1,21,3,11,19,22,14,9,17,210,1999-00,0,1610612739,CLE,True
63,19,By Year,1998-99,50,22,28,0.44,48.2,31.2,71.2,0.439,3.6,10.7,0.341,20.3,27.1,0.7490000000000001,9.4,26.3,35.8,21.9,15.7,9.0,4.1,5.6,24.2,0.1,86.4,-1.7,22,19,4,13,19,22,22,15,18,19,17,2,2,12,20,22,22,11,18,2,16,16,21,18,22,13,210,1998-99,0,1610612739,CLE,True
64,20,By Year,1997-98,82,47,35,0.573,48.4,34.4,75.7,0.45399999999999996,3.6,9.8,0.37200000000000005,20.2,26.7,0.7559999999999999,11.6,28.4,40.1,23.1,17.3,9.9,5.1,5.5,23.6,0.1,92.5,2.7,1,9,10,9,15,19,20,7,19,20,8,3,4,5,13,20,20,3,20,1,9,13,20,16,18,7,210,1997-98,1,1610612739,CLE,True
65,21,By Year,1996-97,82,42,40,0.512,50.2,33.0,72.8,0.45299999999999996,5.9,15.7,0.376,15.6,21.6,0.723,11.1,26.3,37.4,20.9,14.5,8.0,3.8,4.3,21.1,0.2,87.5,1.8,1,11,12,11,1,21,21,9,14,14,5,22,22,18,15,21,21,14,14,4,20,6,11,15,21,9,210,1996-97,0,1610612739,CLE,True
82,0,By Year,2017-18,82,27,55,0.32899999999999996,48.4,38.7,88.8,0.435,11.0,31.1,0.355,14.6,19.2,0.758,9.6,35.0,44.7,23.5,14.0,7.6,3.5,5.2,19.2,17.4,102.9,-7.0,1,17,18,17,9,2,1,15,1,1,10,22,22,7,22,2,7,3,6,11,21,7,7,13,2,18,210,2017-18,0,1610612741,CHI,True
83,1,By Year,2016-17,82,41,41,0.5,48.2,38.6,87.1,0.444,7.6,22.3,0.34,18.0,22.5,0.7979999999999999,12.2,34.1,46.3,22.6,13.6,7.8,4.8,4.6,17.7,18.8,102.9,0.4,1,11,12,11,21,3,3,10,4,2,18,11,16,1,9,3,2,8,2,7,13,3,2,10,3,10,210,2016-17,1,1610612741,CHI,True
84,2,By Year,2015-16,82,42,40,0.512,48.5,38.6,87.4,0.441,7.9,21.4,0.371,16.5,21.0,0.787,11.1,35.2,46.3,22.8,13.9,6.0,5.7,5.7,18.8,18.7,101.6,-1.5,1,10,11,10,5,4,2,12,2,4,6,18,21,3,20,1,2,6,3,22,4,17,5,11,5,13,210,2015-16,0,1610612741,CHI,True
85,3,By Year,2014-15,82,50,32,0.61,48.5,36.6,82.9,0.442,7.9,22.3,0.353,19.7,25.2,0.7829999999999999,11.7,34.0,45.7,21.7,14.0,6.3,5.8,5.4,18.2,21.2,100.8,3.0,1,4,5,5,8,12,9,11,3,3,11,2,3,4,14,4,4,17,4,20,3,13,3,4,6,6,210,2014-15,1,1610612741,CHI,True
86,4,By Year,2013-14,82,48,34,0.585,48.6,34.7,80.2,0.43200000000000005,6.2,17.8,0.348,18.1,23.3,0.779,11.4,32.7,44.1,22.7,14.9,7.2,5.2,6.0,19.1,20.9,93.7,1.9,1,7,7,7,2,17,18,17,10,6,14,8,15,5,16,7,10,7,13,14,10,22,6,5,16,7,210,2013-14,1,1610612741,CHI,True
87,5,By Year,2012-13,82,45,37,0.5489999999999999,48.4,35.7,81.7,0.43700000000000006,5.4,15.4,0.353,16.4,21.2,0.773,12.5,30.7,43.2,23.0,14.3,7.2,5.1,5.8,19.7,19.6,93.2,0.3,1,9,9,9,13,15,14,13,14,13,12,19,19,6,7,14,14,5,8,16,11,20,8,9,17,11,210,2012-13,1,1610612741,CHI,True
88,6,By Year,2011-12,66,50,16,0.758,48.3,37.4,82.8,0.452,6.3,16.9,0.375,15.2,21.1,0.722,13.9,32.8,46.7,23.1,14.0,6.9,5.9,5.2,17.3,17.7,96.3,8.2,21,4,2,2,17,7,10,5,7,10,4,21,20,19,3,6,1,4,5,18,1,9,1,12,13,2,210,2011-12,1,1610612741,CHI,True
89,7,By Year,2010-11,82,62,20,0.7559999999999999,48.4,37.1,80.3,0.462,6.2,17.3,0.361,18.2,24.5,0.743,11.8,32.4,44.2,22.3,14.2,7.2,5.7,5.8,20.0,20.1,98.6,7.3,1,2,3,3,13,10,17,2,8,8,8,6,9,12,13,8,9,10,7,15,5,20,9,7,8,3,210,2010-11,1,1610612741,CHI,True
90,8,By Year,2009-10,82,41,41,0.5,48.5,37.6,83.2,0.451,4.3,13.0,0.33,18.0,23.9,0.754,11.4,33.1,44.5,20.8,14.3,6.5,5.8,5.3,20.1,20.0,97.5,-1.6,1,11,12,11,6,6,7,6,16,16,19,10,11,9,16,5,8,20,9,19,2,12,10,8,10,14,210,2009-10,1,1610612741,CHI,True
91,9,By Year,2008-09,82,41,41,0.5,48.6,38.1,83.5,0.457,6.0,15.8,0.381,19.9,25.0,0.7959999999999999,11.8,30.3,42.1,21.1,14.5,7.5,5.5,5.5,20.8,20.8,102.2,-0.3,1,11,12,11,2,5,6,4,11,12,2,1,4,2,12,15,18,19,11,12,7,15,12,6,4,12,210,2008-09,1,1610612741,CHI,True
92,10,By Year,2007-08,82,33,49,0.402,48.3,36.4,83.7,0.435,5.8,15.9,0.363,18.7,24.7,0.7559999999999999,12.8,30.2,43.0,22.1,14.6,7.7,5.2,5.7,21.8,21.3,97.3,-3.1,1,15,16,15,16,14,5,14,13,11,7,4,6,8,4,16,15,12,12,9,9,17,13,3,11,15,210,2007-08,0,1610612741,CHI,True
93,11,By Year,2006-07,82,49,33,0.598,48.2,37.1,81.3,0.457,5.9,15.1,0.38799999999999996,18.6,25.4,0.7340000000000001,12.0,31.7,43.7,22.3,16.0,7.8,5.4,5.3,23.3,23.2,98.8,5.0,1,6,6,6,21,9,15,3,12,15,1,5,2,16,11,10,12,9,18,8,8,10,17,1,7,5,210,2006-07,1,1610612741,CHI,True
94,12,By Year,2005-06,82,41,41,0.5,48.5,36.6,82.2,0.446,6.8,18.0,0.379,17.7,24.0,0.738,11.0,31.7,42.8,22.0,14.9,6.2,4.2,5.1,24.9,23.0,97.8,0.6,1,11,12,11,7,11,12,8,5,5,3,13,10,15,21,9,17,14,14,21,19,6,22,2,9,9,210,2005-06,1,1610612741,CHI,True
95,13,By Year,2004-05,82,47,35,0.573,48.4,34.7,80.4,0.43200000000000005,6.2,17.5,0.35700000000000004,18.7,25.0,0.75,12.2,31.6,43.8,21.3,16.7,7.0,4.5,5.3,24.7,0.0,94.5,1.1,1,8,8,8,12,16,16,18,8,7,9,3,5,10,8,11,11,18,20,17,16,11,20,21,15,8,210,2004-05,1,1610612741,CHI,True
96,14,By Year,2003-04,82,23,59,0.28,48.4,34.1,82.4,0.414,5.2,15.3,0.342,16.2,22.4,0.726,12.8,30.7,43.5,21.9,16.1,8.0,4.8,5.4,23.3,0.0,89.7,-6.4,1,18,19,18,15,19,11,21,15,14,17,20,18,17,5,13,13,15,19,5,12,14,19,20,18,17,210,2003-04,0,1610612741,CHI,True
97,15,By Year,2002-03,82,30,52,0.366,48.6,36.5,81.9,0.445,4.3,12.2,0.35,17.7,24.6,0.722,12.0,31.0,43.0,21.7,16.9,7.4,5.6,5.0,24.7,0.1,95.0,-5.1,1,16,17,16,4,13,13,9,17,19,13,12,7,18,10,12,16,16,21,13,6,5,20,19,14,16,210,2002-03,0,1610612741,CHI,True
98,16,By Year,2001-02,82,21,61,0.256,48.3,34.3,79.2,0.433,3.7,10.6,0.34600000000000003,17.2,23.9,0.722,11.3,28.8,40.0,22.2,15.3,7.7,4.4,4.9,22.4,0.2,89.5,-8.5,1,19,20,20,19,18,19,16,21,22,16,14,12,20,19,19,20,11,15,10,17,4,15,16,19,19,210,2001-02,0,1610612741,CHI,True
99,17,By Year,2000-01,82,15,67,0.183,48.4,33.2,78.2,0.424,4.0,11.6,0.34600000000000003,17.2,23.3,0.7390000000000001,11.3,27.6,38.9,22.1,15.8,8.2,4.6,5.2,23.2,0.0,87.6,-9.1,1,21,22,22,9,20,20,19,19,21,15,15,14,14,18,22,22,13,17,4,15,8,16,21,20,20,210,2000-01,0,1610612741,CHI,True
100,18,By Year,1999-00,82,17,65,0.207,48.3,31.3,75.4,0.415,4.1,12.6,0.32899999999999996,18.1,25.5,0.7090000000000001,12.6,28.3,40.9,20.0,19.0,7.9,4.7,5.6,23.3,2.6,84.8,-9.4,1,20,21,21,18,21,22,20,18,17,20,9,1,21,6,20,19,22,22,6,14,16,17,14,21,21,210,1999-00,0,1610612741,CHI,True
101,19,By Year,1998-99,50,13,37,0.26,48.3,30.8,76.7,0.401,3.5,12.2,0.29,16.8,23.7,0.7090000000000001,11.5,27.9,39.3,20.3,15.5,8.7,3.4,5.7,22.2,0.1,81.9,-9.5,22,22,9,19,20,22,21,22,22,18,22,17,13,22,15,21,21,21,16,2,22,19,14,18,22,22,210,1998-99,0,1610612741,CHI,True
102,20,By Year,1997-98,82,62,20,0.7559999999999999,48.4,37.4,82.9,0.451,3.8,11.7,0.32299999999999995,18.2,24.5,0.743,15.2,29.7,44.9,23.8,14.4,8.5,4.3,4.3,20.6,0.2,96.7,7.1,1,2,3,3,11,8,8,7,20,20,21,6,8,13,1,18,6,2,10,3,18,2,11,16,12,4,210,1997-98,1,1610612741,CHI,True
103,21,By Year,1996-97,82,69,13,0.841,49.6,40.0,84.4,0.473,6.4,17.1,0.373,16.8,22.5,0.747,15.1,30.0,45.1,26.1,13.5,8.7,4.0,3.5,18.4,0.2,103.1,10.8,1,1,1,1,1,1,4,1,6,9,5,16,16,11,2,17,5,1,1,1,20,1,4,15,1,1,210,1996-97,1,1610612741,CHI,True
236,0,By Year,2017-18,82,44,38,0.537,48.6,38.8,85.3,0.455,11.0,30.6,0.36,14.7,19.5,0.755,9.3,34.2,43.5,22.7,14.4,7.6,5.3,4.6,20.1,19.4,103.4,0.5,1,13,14,14,5,2,2,13,1,1,8,22,22,7,18,2,3,3,11,9,14,17,6,12,1,16,210,2017-18,1,1610612748,MIA,True
237,1,By Year,2016-17,82,41,41,0.5,48.2,39.0,85.8,0.455,9.9,27.0,0.365,15.2,21.6,0.706,10.6,33.0,43.6,21.2,13.4,7.2,5.7,4.9,20.5,18.7,103.2,1.1,1,17,18,18,16,1,1,14,2,2,5,20,19,19,9,3,2,7,3,14,5,19,9,13,2,14,210,2016-17,0,1610612748,MIA,True
238,2,By Year,2015-16,82,48,34,0.585,48.4,38.4,81.7,0.47,6.1,18.0,0.336,17.1,23.0,0.745,9.8,34.3,44.1,20.8,14.1,6.7,6.5,4.1,18.3,19.6,100.0,1.6,1,10,12,12,12,3,3,6,11,10,20,15,13,11,16,1,1,9,9,17,1,9,1,11,7,13,210,2015-16,1,1610612748,MIA,True
239,3,By Year,2014-15,82,37,45,0.451,48.1,35.2,77.2,0.456,6.8,20.2,0.335,17.5,23.7,0.741,9.1,30.0,39.1,19.8,14.8,7.8,4.5,4.4,20.0,20.9,94.7,-2.6,1,18,19,19,21,14,15,12,7,6,21,10,9,12,19,15,19,19,16,7,17,14,5,4,14,20,210,2014-15,0,1610612748,MIA,True
240,4,By Year,2013-14,82,54,28,0.659,48.5,38.3,76.5,0.501,8.1,22.3,0.364,17.5,23.0,0.76,7.6,29.2,36.9,22.5,14.8,8.9,4.5,3.1,19.5,20.4,102.2,4.8,1,6,8,8,7,5,19,1,5,4,6,11,15,5,22,21,22,4,15,1,18,2,4,6,4,8,210,2013-14,1,1610612748,MIA,True
241,5,By Year,2012-13,82,66,16,0.805,48.5,38.4,77.4,0.496,8.7,22.1,0.396,17.4,23.0,0.754,8.2,30.4,38.6,23.0,13.9,8.7,5.4,3.2,18.7,20.4,102.9,7.9,1,1,1,1,10,4,13,2,3,5,1,12,13,9,21,12,20,2,8,3,12,3,2,7,3,1,210,2012-13,1,1610612748,MIA,True
242,6,By Year,2011-12,66,46,20,0.6970000000000001,48.6,37.1,79.0,0.469,5.6,15.6,0.359,18.8,24.2,0.775,10.4,31.2,41.6,20.0,15.2,8.9,5.4,4.2,19.4,20.5,98.5,6.0,21,12,3,5,6,8,7,7,19,18,10,5,8,1,11,8,12,17,21,2,11,11,3,5,9,4,210,2011-12,1,1610612748,MIA,True
243,7,By Year,2010-11,82,58,24,0.7070000000000001,48.2,37.0,76.8,0.48100000000000004,6.7,18.0,0.37,21.5,27.9,0.769,9.6,32.5,42.1,20.0,13.9,6.6,5.2,3.0,20.4,21.8,102.1,7.5,1,4,6,4,16,10,17,4,9,11,4,1,3,2,17,5,7,16,7,19,15,1,8,3,5,2,210,2010-11,1,1610612748,MIA,True
244,8,By Year,2009-10,82,47,35,0.573,48.5,36.4,79.5,0.45799999999999996,6.0,17.4,0.34600000000000003,17.7,23.5,0.752,10.7,31.1,41.8,18.9,13.2,7.4,5.6,4.3,20.9,20.0,96.5,2.3,1,11,13,13,7,11,5,10,13,13,16,9,10,10,8,9,10,21,2,10,6,13,12,9,11,12,210,2009-10,1,1610612748,MIA,True
245,9,By Year,2008-09,82,43,39,0.524,48.7,37.0,81.0,0.457,7.1,19.9,0.35700000000000004,17.2,22.8,0.754,10.1,29.4,39.5,20.4,12.5,7.9,5.5,4.1,20.7,19.9,98.3,0.3,1,15,16,16,3,9,4,11,6,7,13,14,17,8,12,19,18,13,1,5,7,8,10,10,10,17,210,2008-09,1,1610612748,MIA,True
246,10,By Year,2007-08,82,15,67,0.183,48.4,34.2,77.3,0.44299999999999995,6.0,16.7,0.358,16.9,23.2,0.727,9.1,28.6,37.6,20.0,14.7,7.2,4.3,4.2,20.4,20.1,91.4,-8.6,1,22,22,22,12,17,14,18,14,15,11,17,12,16,20,22,21,15,14,13,19,10,7,8,17,22,210,2007-08,0,1610612748,MIA,True
247,11,By Year,2006-07,82,44,38,0.537,48.4,35.6,76.7,0.46399999999999997,6.4,18.8,0.34299999999999997,17.0,24.6,0.69,10.0,30.8,40.8,20.5,14.6,6.9,5.4,3.8,21.3,21.8,94.6,-0.9,1,13,14,14,11,13,18,8,10,9,19,16,7,21,14,11,15,11,13,16,9,7,15,2,15,18,210,2006-07,1,1610612748,MIA,True
248,12,By Year,2005-06,82,52,30,0.634,48.2,37.1,77.5,0.478,6.1,17.6,0.345,19.7,28.2,0.7,10.5,32.6,43.1,20.6,14.5,6.4,5.4,3.6,22.8,23.6,99.9,3.9,1,7,9,9,18,7,12,5,12,12,18,3,2,20,10,4,5,10,12,22,9,5,20,1,8,9,210,2005-06,1,1610612748,MIA,True
249,13,By Year,2004-05,82,59,23,0.72,48.7,37.8,77.7,0.486,5.8,15.4,0.377,20.2,30.1,0.672,10.8,32.2,43.0,21.8,13.7,6.4,5.8,3.2,22.1,0.0,101.5,6.5,1,3,5,3,2,6,11,3,17,19,2,2,1,22,7,6,6,5,5,21,4,4,17,21,6,3,210,2004-05,1,1610612748,MIA,True
250,14,By Year,2003-04,82,42,40,0.512,48.2,33.3,78.3,0.425,5.9,16.5,0.35700000000000004,17.8,23.4,0.762,11.5,30.0,41.5,19.1,13.9,7.2,3.8,5.4,22.1,0.0,90.3,0.5,1,16,17,17,18,19,9,21,15,16,12,7,11,4,4,16,13,20,6,12,21,22,16,20,18,15,210,2003-04,1,1610612748,MIA,True
251,15,By Year,2002-03,82,25,57,0.305,48.4,32.8,79.5,0.41200000000000003,4.2,13.4,0.316,15.8,20.6,0.765,11.6,30.0,41.6,18.3,14.2,7.2,4.0,5.3,22.6,0.1,85.6,-5.0,1,21,21,21,12,21,6,22,21,21,22,19,21,3,3,14,11,22,10,11,20,21,19,19,22,21,210,2002-03,0,1610612748,MIA,True
252,16,By Year,2001-02,82,36,46,0.439,48.6,34.2,77.8,0.439,3.8,11.0,0.34700000000000003,15.1,20.8,0.7240000000000001,11.0,31.0,42.0,20.3,14.8,6.7,5.5,4.3,22.5,0.2,87.2,-1.5,1,19,20,20,4,18,10,19,22,22,15,21,20,17,6,10,9,14,17,18,8,12,18,16,21,19,210,2001-02,0,1610612748,MIA,True
253,17,By Year,2000-01,82,50,32,0.61,48.5,32.9,76.3,0.43,5.8,16.9,0.345,17.4,22.9,0.759,9.9,29.7,39.6,19.9,13.7,7.7,3.7,5.2,21.0,0.0,88.9,2.3,1,9,11,11,7,20,20,20,16,14,17,12,16,6,15,17,17,18,4,8,22,20,13,21,20,11,210,2000-01,1,1610612748,MIA,True
254,18,By Year,1999-00,82,52,30,0.634,48.4,36.3,78.8,0.46,5.4,14.7,0.371,16.4,22.3,0.736,11.2,31.9,43.2,23.5,15.0,7.1,6.4,4.4,23.7,2.1,94.4,3.1,1,7,9,9,12,12,8,9,20,20,3,18,18,14,5,7,4,1,20,15,2,15,21,14,16,10,210,1999-00,1,1610612748,MIA,True
255,19,By Year,1998-99,50,33,17,0.66,48.1,32.3,71.3,0.45299999999999996,5.8,16.1,0.359,18.6,25.2,0.735,10.1,30.2,40.3,20.4,14.9,6.5,6.1,3.8,20.7,0.1,89.0,5.0,22,20,2,7,22,22,22,15,18,17,9,6,5,15,13,13,16,12,18,20,3,6,11,18,19,6,210,1998-99,1,1610612748,MIA,True
256,20,By Year,1997-98,82,55,27,0.6709999999999999,48.2,34.8,77.2,0.45,6.7,18.8,0.355,18.8,25.4,0.7390000000000001,12.5,29.5,42.0,21.4,15.0,8.1,5.2,4.5,24.2,0.2,95.0,4.9,1,5,7,6,18,15,16,17,8,8,14,4,4,13,1,18,8,6,19,4,16,16,22,16,12,7,210,1997-98,1,1610612748,MIA,True
257,21,By Year,1996-97,82,61,21,0.7440000000000001,50.0,34.4,76.0,0.45299999999999996,8.3,22.7,0.364,17.7,24.7,0.7190000000000001,11.7,29.3,41.0,21.2,15.9,7.9,5.4,4.8,21.2,0.3,94.8,5.5,1,2,4,2,1,16,21,16,4,3,7,8,6,18,2,20,14,8,22,5,13,18,14,15,13,5,210,1996-97,1,1610612748,MIA,True
258,0,By Year,2017-18,82,44,38,0.537,48.4,39.7,83.0,0.478,8.8,24.7,0.355,18.3,23.4,0.782,8.4,31.5,39.8,23.2,13.8,8.8,5.4,4.5,21.4,19.9,106.5,-0.3,1,3,5,4,12,1,5,1,2,1,13,8,10,3,22,2,18,4,7,4,3,7,9,9,1,11,210,2017-18,1,1610612749,MIL,True
259,1,By Year,2016-17,82,42,40,0.512,48.2,38.8,81.9,0.474,8.8,23.7,0.37,17.2,22.4,0.768,8.8,31.6,40.4,24.2,14.0,8.1,5.3,4.6,20.2,19.3,103.6,-0.2,1,4,6,5,16,2,12,2,1,2,6,13,17,9,21,1,16,1,8,10,4,10,3,12,2,9,210,2016-17,1,1610612749,MIL,True
260,2,By Year,2015-16,82,33,49,0.402,48.4,38.4,82.2,0.467,5.4,15.6,0.345,17.0,22.7,0.748,10.5,31.2,41.7,23.1,15.2,8.2,5.8,5.6,20.7,19.5,99.0,-4.2,1,15,17,17,12,4,9,4,16,16,20,15,15,14,19,5,8,5,19,7,2,22,6,10,8,19,210,2015-16,0,1610612749,MIL,True
261,3,By Year,2014-15,82,41,41,0.5,48.6,37.6,82.0,0.45899999999999996,6.6,18.3,0.363,16.0,21.1,0.757,10.7,31.4,42.1,23.6,16.7,9.6,4.9,4.8,22.1,20.1,97.8,0.4,1,7,9,8,3,9,11,9,9,9,8,20,20,11,16,3,6,2,21,1,6,12,13,8,12,5,210,2014-15,1,1610612749,MIL,True
262,4,By Year,2013-14,82,15,67,0.183,48.5,36.0,82.2,0.43799999999999994,6.7,18.9,0.353,16.8,22.5,0.747,11.8,29.3,41.1,21.5,15.1,6.6,4.9,5.0,20.9,20.6,95.5,-8.2,1,22,22,22,7,19,10,19,8,7,15,17,16,16,9,14,13,15,17,21,6,18,7,6,18,22,210,2013-14,0,1610612749,MIL,True
263,5,By Year,2012-13,82,38,44,0.46299999999999997,48.4,38.1,87.8,0.435,7.3,20.4,0.36,15.3,20.7,0.736,13.0,30.9,44.0,22.9,14.1,8.4,6.7,4.4,19.0,19.1,98.9,-1.5,1,11,13,13,15,5,1,21,4,4,10,22,21,19,1,7,1,6,11,5,1,6,1,13,10,15,210,2012-13,1,1610612749,MIL,True
264,6,By Year,2011-12,66,31,35,0.47,48.1,37.9,85.6,0.44299999999999995,6.6,19.2,0.345,16.6,21.4,0.774,12.4,30.0,42.5,23.5,14.1,8.3,5.1,4.5,19.3,19.4,99.0,0.3,21,17,3,12,22,8,2,18,10,6,19,18,19,7,4,11,3,3,10,6,5,8,2,11,9,6,210,2011-12,0,1610612749,MIL,True
265,7,By Year,2010-11,82,35,47,0.42700000000000005,48.4,34.3,79.8,0.43,5.9,17.2,0.342,17.4,22.9,0.757,10.5,30.2,40.8,18.8,13.5,7.5,4.9,4.8,20.5,20.7,91.9,-0.8,1,13,15,15,12,22,19,22,14,12,22,12,13,12,18,10,14,22,3,13,8,12,5,5,21,12,210,2010-11,0,1610612749,MIL,True
266,8,By Year,2009-10,82,46,36,0.561,48.7,37.2,85.3,0.436,7.9,22.1,0.35600000000000004,15.4,20.4,0.755,11.8,31.2,43.0,21.2,13.2,7.1,4.7,5.1,22.2,20.3,97.7,1.7,1,2,4,2,2,10,3,20,3,3,12,21,22,13,10,4,2,17,2,18,11,20,16,7,14,2,210,2009-10,1,1610612749,MIL,True
267,9,By Year,2008-09,82,34,48,0.415,48.2,36.7,82.4,0.445,6.2,17.2,0.363,19.7,25.2,0.78,11.9,28.9,40.7,22.0,14.1,7.4,3.8,4.6,24.2,22.5,99.3,-1.1,1,14,16,16,16,14,7,17,12,13,9,4,6,4,8,16,15,12,9,14,19,11,21,2,7,14,210,2008-09,0,1610612749,MIL,True
268,10,By Year,2007-08,82,26,56,0.317,48.4,36.9,82.3,0.449,5.5,16.0,0.344,17.7,24.1,0.733,12.9,28.8,41.7,21.5,14.8,6.6,4.4,4.9,21.3,21.1,97.0,-6.9,1,21,21,21,8,13,8,15,15,15,21,11,8,20,2,18,7,15,15,20,14,16,8,3,17,21,210,2007-08,0,1610612749,MIL,True
269,11,By Year,2006-07,82,28,54,0.341,48.4,38.1,81.9,0.465,6.4,18.0,0.35600000000000004,17.1,23.4,0.733,11.5,27.7,39.2,21.6,15.1,7.2,2.7,5.3,22.2,21.0,99.7,-4.4,1,19,20,20,8,6,13,6,11,11,11,14,9,22,13,19,21,13,18,17,22,21,15,4,5,20,210,2006-07,0,1610612749,MIL,True
270,12,By Year,2005-06,82,40,42,0.488,48.4,36.3,80.1,0.45299999999999996,6.2,16.3,0.38,19.0,25.8,0.738,11.3,29.9,41.2,21.6,14.6,7.3,3.3,5.0,23.2,23.6,97.8,-1.0,1,10,12,11,8,15,18,13,13,14,2,5,4,18,15,12,12,14,14,15,21,19,18,1,13,13,210,2005-06,1,1610612749,MIL,True
271,13,By Year,2004-05,82,30,52,0.366,48.2,36.1,80.2,0.45,4.0,11.3,0.35100000000000003,21.0,27.2,0.772,12.0,29.3,41.3,21.0,13.8,6.5,3.5,4.5,21.9,0.0,97.2,-3.0,1,18,19,19,16,18,16,14,20,20,17,1,1,8,6,13,10,18,6,22,20,9,12,21,16,18,210,2004-05,0,1610612749,MIL,True
272,14,By Year,2003-04,82,41,41,0.5,48.2,36.2,81.1,0.447,4.9,14.0,0.35,20.7,26.7,0.775,11.7,30.5,42.2,22.8,13.5,6.8,4.7,5.0,20.3,0.0,98.0,1.1,1,7,9,8,16,16,15,16,17,17,18,2,2,6,11,8,5,7,4,19,12,17,4,20,11,4,210,2003-04,1,1610612749,MIL,True
273,15,By Year,2002-03,82,42,40,0.512,48.5,37.1,81.3,0.457,7.1,18.6,0.38299999999999995,18.1,23.3,0.7759999999999999,10.7,28.9,39.5,22.2,12.7,7.6,4.2,4.1,22.2,0.1,99.5,0.2,1,4,6,5,5,11,14,11,6,8,1,9,11,5,16,16,19,11,1,12,17,2,14,19,6,7,210,2002-03,1,1610612749,MIL,True
274,16,By Year,2001-02,82,41,41,0.5,48.5,37.1,80.2,0.462,7.2,19.3,0.375,16.1,21.5,0.748,10.3,31.2,41.4,22.5,14.1,7.3,4.7,4.4,21.8,0.1,97.5,-0.2,1,7,9,8,6,12,17,7,5,5,4,19,18,15,20,6,9,9,12,16,9,5,11,18,15,10,210,2001-02,0,1610612749,MIL,True
275,17,By Year,2000-01,82,52,30,0.634,48.2,38.0,82.9,0.45799999999999996,6.9,18.1,0.379,18.0,22.9,0.787,11.9,30.5,42.4,22.5,13.7,8.2,4.7,4.3,23.5,0.0,100.7,3.9,1,1,2,1,16,7,6,10,7,10,3,10,14,1,7,9,4,10,5,7,10,4,20,21,4,1,210,2000-01,1,1610612749,MIL,True
276,18,By Year,1999-00,82,42,40,0.512,48.4,38.7,83.3,0.465,4.8,13.0,0.369,19.0,24.2,0.7859999999999999,12.4,28.9,41.3,22.6,15.0,8.2,4.6,4.1,24.6,2.2,101.2,0.2,1,4,6,5,8,3,4,5,18,18,7,7,7,2,5,15,11,8,16,9,13,3,22,14,3,8,210,1999-00,1,1610612749,MIL,True
277,19,By Year,1998-99,50,28,22,0.56,48.2,35.1,76.4,0.45899999999999996,4.6,12.4,0.373,16.9,23.1,0.733,11.4,27.4,38.8,20.6,14.4,8.8,4.0,3.9,22.8,0.2,91.7,1.7,22,19,1,3,21,21,22,8,19,19,5,16,12,20,14,21,22,19,13,3,18,1,17,16,22,3,210,1998-99,1,1610612749,MIL,True
278,20,By Year,1997-98,82,36,46,0.439,48.6,35.6,78.0,0.456,3.0,8.6,0.354,20.3,26.4,0.767,12.6,27.3,39.9,20.1,16.9,8.9,4.4,4.9,23.4,0.2,94.5,-1.9,1,12,14,14,3,20,20,12,22,22,14,3,3,10,3,22,17,20,22,2,15,15,19,15,20,17,210,1997-98,0,1610612749,MIL,True
279,21,By Year,1996-97,82,33,49,0.402,49.7,36.2,76.9,0.47100000000000003,4.0,11.2,0.35200000000000004,19.0,25.7,0.741,11.6,27.6,39.2,19.6,15.7,7.7,4.2,4.8,21.6,0.1,95.3,-1.9,1,15,17,17,1,17,21,3,21,21,16,6,5,17,12,20,20,21,20,11,16,12,10,17,19,16,210,1996-97,0,1610612749,MIL,True
302,0,By Year,2017-18,82,28,54,0.341,48.4,38.2,86.8,0.441,12.7,35.7,0.35600000000000004,17.4,22.6,0.772,9.7,34.8,44.4,23.7,15.2,6.2,4.8,5.5,20.6,19.7,106.6,-3.7,1,14,16,14,8,1,1,13,1,1,6,16,19,6,20,2,2,4,20,20,9,16,6,11,1,13,210,2017-18,0,1610612751,BKN,True
303,1,By Year,2016-17,82,20,62,0.244,48.2,37.8,85.2,0.444,10.7,31.6,0.33799999999999997,19.4,24.6,0.7879999999999999,8.8,35.1,43.9,21.4,16.5,7.2,4.7,5.6,21.0,20.4,105.8,-6.7,1,20,21,21,17,3,3,8,2,2,13,7,11,1,21,1,3,10,22,14,11,17,8,7,2,20,210,2016-17,0,1610612751,BKN,True
304,2,By Year,2015-16,82,21,61,0.256,48.2,38.2,84.4,0.45299999999999996,6.5,18.4,0.35200000000000004,15.7,20.7,0.757,10.5,31.9,42.4,22.3,14.8,7.6,4.0,5.2,18.0,18.4,98.6,-7.4,1,19,20,20,17,1,5,3,9,9,8,22,22,13,13,4,9,8,14,11,15,14,1,13,4,21,210,2015-16,0,1610612751,BKN,True
305,3,By Year,2014-15,82,38,44,0.46299999999999997,48.6,37.4,83.0,0.451,6.6,19.9,0.331,16.6,22.2,0.748,10.3,32.0,42.4,20.9,13.8,7.0,4.1,4.5,19.3,20.0,98.0,-2.9,1,10,11,10,3,4,9,4,8,8,19,21,20,16,17,3,10,13,4,15,14,5,4,9,7,12,210,2014-15,1,1610612751,BKN,True
306,4,By Year,2013-14,82,44,38,0.537,48.5,35.7,77.9,0.45899999999999996,8.6,23.4,0.369,18.4,24.4,0.753,8.8,29.4,38.1,20.9,14.5,8.6,3.8,4.1,21.7,20.8,98.5,-1.0,1,6,7,6,5,10,19,1,3,3,2,13,13,14,21,14,22,14,10,7,19,2,12,5,5,8,210,2013-14,1,1610612751,BKN,True
307,5,By Year,2012-13,82,49,33,0.598,48.4,35.9,79.8,0.45,7.7,21.5,0.35700000000000004,17.5,23.9,0.731,12.8,30.0,42.8,20.3,14.7,7.3,4.8,4.8,18.3,21.4,96.9,1.8,1,2,2,2,9,9,15,5,6,5,5,15,15,21,4,11,7,17,11,13,7,8,2,4,11,4,210,2012-13,1,1610612751,BKN,True
308,6,By Year,2011-12,66,22,44,0.33299999999999996,48.2,34.3,80.6,0.425,7.7,22.4,0.342,16.9,21.7,0.777,11.9,28.5,40.3,19.9,15.1,7.5,3.9,5.0,19.2,19.3,93.1,-6.0,21,18,11,15,20,18,11,19,5,4,12,20,21,5,8,20,17,19,19,12,16,11,3,12,17,18,210,2011-12,0,1610612751,BKN,True
309,7,By Year,2010-11,82,24,58,0.293,48.8,35.6,81.0,0.44,5.6,16.3,0.34299999999999997,17.4,22.9,0.759,11.1,29.8,40.8,21.0,14.0,5.6,4.7,4.6,22.0,20.0,94.2,-6.2,1,17,19,19,2,12,10,15,14,14,11,17,17,10,10,12,14,12,5,22,12,7,13,10,15,19,210,2010-11,0,1610612751,BKN,True
310,8,By Year,2009-10,82,12,70,0.146,48.2,34.3,79.9,0.429,4.6,14.5,0.318,19.2,24.6,0.78,10.9,28.8,39.7,18.8,14.4,7.0,4.8,5.1,20.0,20.1,92.4,-9.1,1,22,22,22,14,16,13,17,17,17,22,9,12,3,12,17,19,21,8,16,5,12,5,8,18,22,210,2009-10,0,1610612751,BKN,True
311,9,By Year,2008-09,82,34,48,0.415,48.4,35.7,79.7,0.44799999999999995,8.0,21.2,0.376,18.8,24.1,0.779,10.4,29.5,39.8,20.0,13.1,6.8,4.8,4.8,22.4,20.5,98.1,-2.4,1,11,13,11,10,11,16,6,4,6,1,12,14,4,16,13,18,18,1,17,7,9,14,6,6,11,210,2008-09,0,1610612751,BKN,True
312,10,By Year,2007-08,82,34,48,0.415,48.4,34.8,78.7,0.44299999999999995,6.1,17.4,0.348,20.1,27.3,0.736,11.1,30.7,41.9,23.5,15.0,6.4,4.8,4.4,22.6,22.4,95.8,-5.1,1,11,13,11,10,15,17,9,10,11,9,4,2,19,9,8,11,5,17,19,9,3,15,3,13,17,210,2007-08,0,1610612751,BKN,True
313,11,By Year,2006-07,82,41,41,0.5,48.5,35.5,77.8,0.457,7.4,20.4,0.363,19.1,26.3,0.727,10.0,30.8,40.8,23.9,14.8,6.1,3.3,4.5,22.8,23.0,97.6,-0.8,1,9,10,9,5,13,20,2,7,7,3,10,5,22,18,7,15,3,14,21,22,4,17,2,9,7,210,2006-07,1,1610612751,BKN,True
314,12,By Year,2005-06,82,49,33,0.598,48.2,33.9,77.0,0.44,5.8,17.6,0.33,20.2,26.7,0.758,10.0,31.0,41.0,23.0,13.6,6.8,3.4,4.0,23.2,23.0,93.8,1.4,1,2,2,2,14,20,22,14,12,10,21,3,4,11,18,5,12,7,2,18,21,1,18,1,16,6,210,2005-06,1,1610612751,BKN,True
315,13,By Year,2004-05,82,42,40,0.512,48.5,33.6,78.3,0.429,5.3,14.7,0.36200000000000004,19.0,24.9,0.763,10.4,29.1,39.5,21.6,14.2,7.9,3.8,4.9,24.2,0.0,91.4,-1.5,1,8,9,8,4,22,18,18,15,15,4,11,9,8,15,15,21,9,6,9,20,10,22,21,20,10,210,2004-05,1,1610612751,BKN,True
316,14,By Year,2003-04,82,47,35,0.573,48.1,34.3,77.7,0.441,4.6,13.7,0.336,17.0,22.6,0.753,10.5,30.2,40.7,24.5,14.7,8.6,3.9,4.6,21.0,0.1,90.3,2.5,1,5,6,5,22,16,21,10,17,18,15,19,18,15,14,10,16,1,13,6,17,6,7,19,22,3,210,2003-04,1,1610612751,BKN,True
317,15,By Year,2002-03,82,49,33,0.598,48.2,35.4,80.3,0.441,4.2,12.7,0.332,20.3,26.8,0.757,12.1,30.8,42.9,23.0,14.8,8.7,4.6,5.2,21.6,0.1,95.4,5.2,1,2,2,2,17,14,12,11,21,21,17,2,3,12,7,6,6,6,14,4,13,13,11,19,14,1,210,2002-03,1,1610612751,BKN,True
318,16,By Year,2001-02,82,52,30,0.634,48.4,37.1,83.1,0.446,4.9,14.6,0.33799999999999997,17.1,23.3,0.735,12.7,30.7,43.3,24.3,14.5,8.7,6.0,5.4,21.1,0.1,96.2,4.2,1,1,1,1,10,6,8,7,16,16,14,18,16,20,6,9,4,2,9,5,1,15,9,18,12,2,210,2001-02,1,1610612751,BKN,True
319,17,By Year,2000-01,82,26,56,0.317,48.1,33.9,79.9,0.425,4.4,13.2,0.33299999999999996,19.9,26.2,0.759,11.1,28.5,39.6,19.5,14.7,7.9,5.0,6.4,24.2,0.0,92.1,-5.0,1,15,17,17,21,19,14,20,20,20,16,5,6,9,10,19,20,20,12,10,4,21,21,21,19,16,210,2000-01,0,1610612751,BKN,True
320,18,By Year,1999-00,82,31,51,0.37799999999999995,48.4,36.3,83.9,0.433,5.8,16.8,0.34700000000000003,19.5,24.9,0.784,12.7,28.2,40.9,20.6,13.6,8.8,4.8,5.7,23.3,2.4,98.0,-1.0,1,13,15,13,10,8,6,16,12,12,10,6,8,2,5,21,13,15,2,3,5,18,19,14,8,9,210,1999-00,0,1610612751,BKN,True
321,19,By Year,1998-99,50,16,34,0.32,48.2,33.8,83.2,0.406,4.5,13.6,0.331,19.2,25.0,0.769,14.3,28.7,43.0,18.4,15.0,9.8,5.5,6.5,22.6,0.2,91.3,-3.8,22,21,5,16,16,21,7,22,19,19,18,8,7,7,3,18,5,22,18,1,3,22,16,17,21,14,210,1998-99,0,1610612751,BKN,True
322,20,By Year,1997-98,82,43,39,0.524,48.5,37.3,84.5,0.441,3.8,11.4,0.331,21.3,28.7,0.7440000000000001,16.4,26.1,42.5,20.5,14.4,9.5,3.8,6.3,23.4,0.3,99.6,1.6,1,7,8,7,5,5,4,12,22,22,20,1,1,17,2,22,8,16,7,2,18,19,20,15,3,5,210,1997-98,1,1610612751,BKN,True
323,21,By Year,1996-97,82,26,56,0.317,49.7,36.5,86.5,0.42200000000000004,5.9,16.7,0.353,18.3,24.8,0.74,17.2,29.0,46.2,21.0,15.7,8.3,5.9,6.3,21.2,0.2,97.2,-4.6,1,15,17,17,1,7,2,21,11,13,7,14,10,18,1,16,1,11,21,8,2,20,10,16,10,15,210,1996-97,0,1610612751,BKN,True
324,0,By Year,2017-18,82,29,53,0.354,48.4,40.7,87.7,0.46399999999999997,8.2,23.3,0.35200000000000004,14.9,19.0,0.7859999999999999,10.5,33.6,44.0,23.3,14.7,6.7,5.1,4.7,20.5,18.4,104.5,-3.6,1,17,18,18,14,1,2,1,7,7,13,21,22,8,16,2,3,1,15,17,5,16,6,13,3,16,210,2017-18,0,1610612752,NYK,True
325,1,By Year,2016-17,82,31,51,0.37799999999999995,48.4,39.6,88.5,0.447,8.6,24.7,0.348,16.6,21.1,0.7879999999999999,12.0,33.2,45.2,21.8,13.9,7.1,5.5,4.6,20.3,18.5,104.3,-3.7,1,15,16,16,10,2,1,11,6,6,15,17,16,6,4,3,1,4,5,12,3,13,4,12,4,17,210,2016-17,0,1610612752,NYK,True
326,2,By Year,2015-16,82,32,50,0.39,48.3,36.9,84.0,0.439,7.4,21.5,0.34600000000000003,17.2,21.4,0.805,10.4,34.0,44.4,20.5,13.4,5.7,5.7,4.2,19.7,18.5,98.4,-2.7,1,13,14,14,17,7,4,19,9,9,18,10,14,3,17,1,2,12,3,22,2,7,1,11,8,14,210,2015-16,0,1610612752,NYK,True
327,3,By Year,2014-15,82,17,65,0.207,48.4,35.1,82.0,0.428,6.8,19.7,0.34700000000000003,14.8,19.2,0.769,10.6,29.8,40.4,21.3,14.7,7.0,4.7,4.3,21.6,19.1,91.9,-9.3,1,22,22,22,10,15,9,22,11,10,16,22,21,13,15,16,19,8,14,14,7,9,10,10,18,22,210,2014-15,0,1610612752,NYK,True
328,4,By Year,2013-14,82,37,45,0.451,48.4,36.9,82.2,0.449,9.3,24.9,0.37200000000000005,15.5,20.4,0.7609999999999999,10.6,29.7,40.3,20.0,13.0,7.7,4.5,3.4,22.1,19.6,98.6,-0.8,1,8,10,10,10,6,8,9,4,5,4,20,19,15,14,17,20,15,2,5,9,1,12,6,7,9,210,2013-14,0,1610612752,NYK,True
329,5,By Year,2012-13,82,54,28,0.659,48.1,36.5,81.6,0.44799999999999995,10.9,28.9,0.376,16.0,21.1,0.759,10.9,29.7,40.6,19.3,12.0,8.2,3.6,4.0,20.1,19.2,100.0,4.2,1,2,3,2,22,8,11,10,1,1,2,19,17,16,12,18,15,18,1,2,14,5,3,8,6,1,210,2012-13,1,1610612752,NYK,True
330,6,By Year,2011-12,66,36,30,0.545,48.3,35.8,80.8,0.44299999999999995,7.8,23.3,0.336,18.3,24.8,0.741,11.3,30.5,41.7,20.1,16.0,9.4,4.2,5.1,21.1,21.8,97.8,3.2,21,10,4,5,20,12,12,15,8,8,21,7,7,18,9,10,9,14,18,1,12,19,7,3,9,2,210,2011-12,1,1610612752,NYK,True
331,7,By Year,2010-11,82,42,40,0.512,48.2,38.3,83.7,0.457,9.3,25.4,0.368,20.6,25.5,0.809,10.3,30.1,40.5,21.4,13.7,7.6,5.8,4.4,21.3,20.8,106.5,0.8,1,6,8,8,21,4,6,3,3,4,5,3,5,2,18,13,17,7,4,8,1,11,8,4,1,8,210,2010-11,1,1610612752,NYK,True
332,8,By Year,2009-10,82,29,53,0.354,48.5,38.1,83.9,0.455,9.1,26.2,0.34600000000000003,16.8,21.5,0.782,10.2,30.2,40.4,21.6,14.0,7.1,3.7,4.5,20.0,19.2,102.1,-3.8,1,17,18,18,5,5,5,6,5,3,17,14,13,10,20,11,18,6,6,11,13,12,2,8,5,18,210,2009-10,0,1610612752,NYK,True
333,9,By Year,2008-09,82,32,50,0.39,48.3,38.5,86.5,0.445,10.0,27.9,0.36,18.2,23.2,0.784,11.1,31.0,42.1,21.2,14.3,7.4,2.5,5.3,20.4,19.4,105.2,-2.6,1,13,14,14,17,3,3,13,2,2,9,8,9,9,10,4,8,9,8,9,22,22,5,7,2,13,210,2008-09,0,1610612752,NYK,True
334,10,By Year,2007-08,82,23,59,0.28,48.5,36.2,82.4,0.439,6.0,17.7,0.337,18.6,25.5,0.727,12.5,30.0,42.5,18.7,14.5,6.4,2.6,5.2,21.5,20.3,96.9,-6.6,1,20,20,20,8,10,7,18,12,12,20,6,4,20,3,15,7,20,9,20,21,20,9,5,12,21,210,2007-08,0,1610612752,NYK,True
335,11,By Year,2006-07,82,33,49,0.402,48.8,35.4,77.5,0.457,5.8,16.7,0.34600000000000003,20.9,29.2,0.715,12.6,30.7,43.3,18.7,17.1,6.6,3.2,5.0,23.6,22.9,97.5,-2.9,1,11,12,12,2,13,18,4,13,13,19,2,2,22,2,8,4,19,20,19,18,18,18,2,10,15,210,2006-07,0,1610612752,NYK,True
336,12,By Year,2005-06,82,23,59,0.28,48.6,34.4,75.7,0.455,3.9,10.8,0.36200000000000004,22.9,31.5,0.726,12.6,28.8,41.4,17.9,17.7,6.8,3.3,5.3,26.3,25.0,95.6,-6.4,1,20,20,20,3,19,20,5,22,22,8,1,1,21,1,22,11,22,21,16,17,21,22,1,14,20,210,2005-06,0,1610612752,NYK,True
337,13,By Year,2004-05,82,33,49,0.402,48.5,36.3,80.5,0.451,5.4,15.1,0.35600000000000004,19.3,25.1,0.767,11.8,29.2,41.0,20.3,14.7,7.7,3.2,4.7,23.7,0.0,97.3,-2.4,1,11,12,12,5,9,13,8,16,16,10,5,6,14,7,20,13,13,13,7,18,16,19,21,11,12,210,2004-05,0,1610612752,NYK,True
338,14,By Year,2003-04,82,39,43,0.47600000000000003,48.5,35.1,79.4,0.442,5.0,13.6,0.364,16.8,21.1,0.7929999999999999,11.6,31.0,42.6,20.7,15.7,7.4,4.8,4.7,23.1,0.0,92.0,-1.5,1,7,9,9,5,17,15,16,17,18,6,15,15,5,8,5,5,11,17,10,6,14,17,20,17,11,210,2003-04,1,1610612752,NYK,True
339,15,By Year,2002-03,82,37,45,0.451,48.4,36.2,82.0,0.441,7.4,19.3,0.38299999999999995,16.1,19.8,0.815,10.3,29.0,39.2,22.0,14.0,7.1,3.1,3.8,23.0,0.1,95.9,-1.4,1,8,10,10,9,10,10,17,10,11,1,18,20,1,19,21,22,3,7,13,20,3,16,19,13,10,210,2002-03,0,1610612752,NYK,True
340,16,By Year,2001-02,82,30,52,0.366,48.3,34.4,79.5,0.43200000000000005,5.8,16.4,0.353,17.1,21.8,0.787,10.7,30.0,40.7,21.0,14.5,6.8,3.5,4.7,22.0,0.2,91.6,-4.0,1,16,17,17,17,20,14,21,13,14,12,12,12,7,13,14,14,10,11,15,15,15,11,16,19,19,210,2001-02,0,1610612752,NYK,True
341,17,By Year,2000-01,82,48,34,0.585,48.5,33.6,75.6,0.444,4.8,13.6,0.35100000000000003,16.8,21.1,0.7959999999999999,9.4,30.8,40.2,18.5,14.5,6.6,4.2,4.1,22.7,0.0,88.7,2.6,1,4,6,4,4,21,21,14,18,18,14,15,18,4,22,6,21,21,10,18,11,6,14,21,21,4,210,2000-01,1,1610612752,NYK,True
342,18,By Year,1999-00,82,50,32,0.61,48.4,35.3,77.7,0.455,4.3,11.4,0.375,17.2,22.0,0.7809999999999999,9.8,30.7,40.5,19.4,14.6,6.3,4.3,4.3,24.2,2.8,92.1,1.5,1,3,5,3,14,14,17,7,20,21,3,11,11,11,21,7,16,16,12,21,10,10,21,14,16,6,210,1999-00,1,1610612752,NYK,True
343,19,By Year,1998-99,50,27,23,0.54,48.4,32.2,74.1,0.435,4.2,11.8,0.353,17.8,24.4,0.732,11.0,30.2,41.2,19.3,16.1,7.9,5.2,4.3,22.8,0.2,86.4,1.0,22,19,1,6,13,22,22,20,21,20,11,9,8,19,11,12,12,17,19,3,4,8,15,18,22,7,210,1998-99,1,1610612752,NYK,True
344,20,By Year,1997-98,82,43,39,0.524,48.4,34.9,78.1,0.447,4.7,13.9,0.335,17.1,22.1,0.772,11.9,29.7,41.6,21.8,15.2,7.7,3.4,3.8,23.7,0.3,91.5,2.5,1,5,7,7,14,18,16,12,19,17,22,13,10,12,5,19,10,5,16,4,16,4,20,15,20,5,210,1997-98,1,1610612752,NYK,True
345,21,By Year,1996-97,82,57,25,0.695,50.3,35.1,75.9,0.46299999999999997,5.7,15.8,0.363,19.3,25.8,0.748,11.9,30.7,42.5,22.1,17.8,7.7,4.6,3.6,22.7,0.2,95.4,3.1,1,1,2,1,1,15,19,2,15,15,7,4,3,17,6,8,6,2,22,6,8,2,13,16,15,3,210,1996-97,1,1610612752,NYK,True
346,0,By Year,2017-18,82,25,57,0.305,48.1,38.8,85.9,0.452,10.3,29.3,0.35100000000000003,15.5,20.5,0.757,8.8,32.8,41.6,23.4,14.5,7.6,4.9,4.9,19.3,19.0,103.4,-4.8,1,18,18,18,19,2,3,10,1,1,12,18,19,4,22,5,15,2,10,12,9,12,4,8,2,17,210,2017-18,0,1610612753,ORL,True
347,1,By Year,2016-17,82,29,53,0.354,48.3,38.3,87.0,0.44,8.5,26.1,0.32799999999999996,16.0,21.4,0.747,9.8,33.3,43.2,22.2,13.3,7.1,4.8,5.1,19.3,18.7,101.1,-6.6,1,17,17,17,11,4,1,16,7,5,21,16,17,8,19,2,7,4,1,13,10,15,5,9,5,20,210,2016-17,0,1610612753,ORL,True
348,2,By Year,2015-16,82,35,47,0.42700000000000005,48.5,39.5,86.8,0.455,7.8,22.2,0.35,15.2,20.1,0.757,10.3,33.0,43.3,23.6,14.1,8.2,5.1,5.5,20.7,18.3,102.1,-1.6,1,15,16,16,4,1,2,7,8,8,13,19,20,5,15,4,3,1,5,6,7,20,14,11,4,15,210,2015-16,0,1610612753,ORL,True
349,3,By Year,2014-15,82,25,57,0.305,48.2,37.5,82.8,0.45299999999999996,6.8,19.5,0.34700000000000003,13.9,19.1,0.7290000000000001,10.0,31.8,41.8,20.6,14.9,7.9,3.8,5.4,20.9,17.9,95.7,-5.7,1,18,18,18,17,7,8,9,13,11,15,21,21,13,16,10,14,12,11,9,20,18,15,12,14,19,210,2014-15,0,1610612753,ORL,True
350,4,By Year,2013-14,82,23,59,0.28,48.7,36.9,82.7,0.445,6.9,19.5,0.353,15.9,20.9,0.763,9.7,32.4,42.0,21.0,14.9,7.7,4.3,5.4,20.5,18.3,96.5,-5.4,1,20,20,20,2,10,9,14,12,12,11,17,18,2,20,8,12,8,12,11,16,19,11,10,13,18,210,2013-14,0,1610612753,ORL,True
351,5,By Year,2012-13,82,20,62,0.244,48.2,37.7,84.2,0.44799999999999995,6.2,18.7,0.32899999999999996,12.5,16.6,0.755,10.9,31.9,42.7,22.8,14.5,6.4,4.4,5.2,19.4,16.5,94.1,-7.0,1,22,22,22,13,5,5,12,14,14,20,22,22,6,13,9,9,3,9,20,15,16,6,13,19,21,210,2012-13,0,1610612753,ORL,True
352,6,By Year,2011-12,66,37,29,0.561,48.4,34.5,78.2,0.441,10.2,27.0,0.375,15.1,22.8,0.66,11.2,31.2,42.5,20.0,14.9,6.8,4.2,4.1,17.7,19.8,94.2,0.8,21,12,4,6,7,20,18,15,3,3,4,20,16,22,10,11,11,15,13,16,18,4,1,7,17,8,210,2011-12,1,1610612753,ORL,True
353,7,By Year,2010-11,82,52,30,0.634,48.4,36.0,78.2,0.461,9.4,25.6,0.366,17.7,25.6,0.6920000000000001,10.5,32.7,43.2,20.0,14.9,6.7,4.7,3.8,20.0,21.8,99.2,5.5,1,3,5,4,8,13,19,5,6,6,7,13,9,21,14,6,6,16,14,17,11,3,9,6,10,3,210,2010-11,1,1610612753,ORL,True
354,8,By Year,2009-10,82,59,23,0.72,48.1,36.6,78.0,0.47,10.3,27.3,0.375,19.2,26.5,0.7240000000000001,9.9,33.4,43.2,19.7,14.1,6.2,5.6,3.5,19.9,22.2,102.8,7.5,1,1,2,1,20,12,20,4,2,2,5,7,6,15,18,1,5,17,5,22,3,1,8,5,3,1,210,2009-10,1,1610612753,ORL,True
355,9,By Year,2008-09,82,59,23,0.72,48.1,35.7,78.2,0.457,10.0,26.2,0.381,19.6,27.5,0.715,10.0,33.3,43.3,19.4,13.9,7.0,5.4,3.8,20.3,22.4,101.0,6.7,1,1,2,1,21,15,17,6,4,4,2,6,5,17,17,3,4,18,4,14,6,2,10,4,6,2,210,2008-09,1,1610612753,ORL,True
356,10,By Year,2007-08,82,52,30,0.634,48.2,37.3,78.6,0.474,9.8,25.3,0.386,20.1,27.9,0.721,9.4,32.6,42.0,20.8,14.3,6.3,4.1,4.2,20.6,23.1,104.5,5.5,1,3,5,4,13,8,16,1,5,7,1,4,3,16,21,7,13,10,7,21,19,5,12,3,1,3,210,2007-08,1,1610612753,ORL,True
357,11,By Year,2006-07,82,40,42,0.488,48.2,35.1,74.3,0.47200000000000003,4.2,11.7,0.35600000000000004,20.5,29.2,0.7020000000000001,11.2,29.5,40.7,18.6,17.0,6.9,5.1,4.6,23.2,23.4,94.8,0.8,1,11,13,13,15,18,22,2,18,18,10,2,1,19,11,16,20,21,21,15,8,7,18,1,16,9,210,2006-07,1,1610612753,ORL,True
358,12,By Year,2005-06,82,36,46,0.439,48.5,35.5,75.2,0.47200000000000003,3.6,9.7,0.376,20.3,27.8,0.73,10.9,29.3,40.2,18.2,15.1,6.5,4.4,4.7,23.3,23.2,94.9,-1.1,1,13,14,14,4,16,21,3,20,22,3,3,4,12,12,17,21,22,15,19,13,9,19,2,15,13,210,2005-06,0,1610612753,ORL,True
359,13,By Year,2004-05,82,36,46,0.439,48.1,37.0,81.5,0.45399999999999996,3.9,11.2,0.349,21.6,28.5,0.759,12.7,31.0,43.7,19.3,16.1,7.7,5.4,4.3,23.6,0.0,99.5,-2.2,1,13,14,14,22,9,12,8,19,19,14,1,2,3,6,12,2,20,19,10,4,6,20,21,9,16,210,2004-05,0,1610612753,ORL,True
360,14,By Year,2003-04,82,21,61,0.256,48.4,35.4,82.5,0.429,5.2,15.2,0.344,18.0,24.4,0.737,12.2,28.7,40.9,19.3,13.7,6.7,3.8,5.5,21.3,0.0,94.0,-7.0,1,21,21,21,10,17,10,21,16,16,16,11,13,10,7,20,18,19,3,18,21,21,16,20,20,22,210,2003-04,0,1610612753,ORL,True
361,15,By Year,2002-03,82,42,40,0.512,48.3,35.9,82.5,0.436,6.9,19.4,0.35700000000000004,19.7,25.4,0.777,11.7,29.2,40.9,20.4,14.4,8.5,3.7,5.0,23.0,0.1,98.5,0.1,1,8,10,10,11,14,11,19,10,13,9,5,10,1,8,18,19,14,8,4,22,13,17,18,11,11,210,2002-03,1,1610612753,ORL,True
362,16,By Year,2001-02,82,44,38,0.537,48.4,37.6,84.0,0.44799999999999995,7.6,20.2,0.373,17.6,23.4,0.754,11.5,29.7,41.2,22.0,13.6,8.1,4.7,4.7,20.7,0.1,100.5,1.6,1,6,8,8,8,6,6,13,9,10,6,14,15,7,9,15,17,5,2,7,12,8,13,19,7,6,210,2001-02,1,1610612753,ORL,True
363,17,By Year,2000-01,82,43,39,0.524,48.7,36.7,83.8,0.43799999999999994,6.0,16.4,0.364,18.0,25.2,0.7140000000000001,13.0,29.9,42.9,22.0,15.2,8.2,5.9,5.4,25.3,0.0,97.5,1.0,1,7,9,9,2,11,7,17,15,15,8,10,11,18,5,14,8,6,16,5,1,17,22,21,12,7,210,2000-01,1,1610612753,ORL,True
364,18,By Year,1999-00,82,41,41,0.5,48.2,38.6,85.5,0.452,3.6,10.6,0.33799999999999997,19.2,26.1,0.735,14.0,31.0,44.9,20.8,17.6,9.1,5.7,5.8,24.0,2.8,100.1,0.7,1,9,11,11,17,3,4,11,21,21,18,8,7,11,2,13,1,9,22,2,2,22,21,14,8,10,210,1999-00,0,1610612753,ORL,True
365,19,By Year,1998-99,50,33,17,0.66,48.2,33.7,78.9,0.428,4.5,13.5,0.33,17.5,25.0,0.7,13.8,28.9,42.7,21.3,16.4,9.9,4.3,4.8,18.7,0.1,89.5,2.6,22,16,1,3,16,22,14,22,17,17,19,15,12,20,3,19,10,7,20,1,17,11,2,17,22,5,210,1998-99,1,1610612753,ORL,True
366,20,By Year,1997-98,82,41,41,0.5,48.4,33.8,78.7,0.429,3.6,11.1,0.32299999999999995,18.9,26.1,0.726,14.4,26.9,41.2,20.7,15.3,7.9,5.4,4.7,19.7,0.2,90.1,-1.1,1,9,11,11,6,21,15,20,22,20,22,9,8,14,1,22,16,11,18,8,4,10,7,15,21,13,210,1997-98,0,1610612753,ORL,True
367,21,By Year,1996-97,82,45,37,0.5489999999999999,49.9,34.6,79.2,0.43700000000000006,6.9,20.3,0.341,18.0,24.1,0.746,13.1,27.1,40.1,20.6,15.2,8.5,4.4,5.1,19.1,0.1,94.1,-0.4,1,5,7,7,1,19,13,18,11,9,17,11,14,9,4,21,22,13,17,3,13,14,3,16,18,12,210,1996-97,1,1610612753,ORL,True
368,0,By Year,2017-18,82,48,34,0.585,48.2,40.8,86.4,0.47200000000000003,9.0,24.5,0.369,14.9,19.2,0.779,9.6,32.7,42.3,22.2,13.3,8.8,4.1,5.2,18.8,18.5,105.6,1.4,1,6,8,8,18,1,1,1,2,2,7,22,22,8,20,6,12,7,2,3,22,15,1,13,1,11,210,2017-18,1,1610612754,IND,True
369,1,By Year,2016-17,82,42,40,0.512,48.4,39.3,84.5,0.465,8.6,23.0,0.376,17.9,22.1,0.81,9.0,33.0,42.0,22.5,13.8,8.2,5.0,5.0,19.5,19.5,105.1,-0.2,1,10,12,12,8,2,5,3,3,5,5,18,21,2,22,5,15,6,3,5,14,10,2,12,2,17,210,2016-17,1,1610612754,IND,True
370,2,By Year,2015-16,82,45,37,0.5489999999999999,48.5,38.3,85.2,0.45,8.1,23.0,0.35100000000000003,17.4,22.8,0.764,10.3,33.9,44.2,21.2,14.9,9.0,4.8,4.5,20.0,20.4,102.2,1.7,1,8,10,10,6,4,4,7,4,4,13,20,19,15,17,3,4,13,12,1,17,2,3,11,5,10,210,2015-16,1,1610612754,IND,True
371,3,By Year,2014-15,82,38,44,0.46299999999999997,48.4,36.6,83.2,0.439,7.5,21.2,0.35200000000000004,16.7,22.2,0.7559999999999999,10.4,34.4,44.9,21.4,14.0,6.2,4.6,4.7,21.2,21.4,97.3,0.3,1,16,17,17,8,9,6,17,7,6,12,21,20,19,16,2,2,11,4,22,18,5,7,8,10,14,210,2014-15,0,1610612754,IND,True
372,4,By Year,2013-14,82,56,26,0.6829999999999999,48.2,36.0,80.2,0.449,6.7,18.8,0.35700000000000004,18.1,23.3,0.779,10.2,34.5,44.7,20.1,15.1,6.7,5.4,4.6,20.4,21.9,96.7,4.4,1,3,5,3,15,10,14,8,11,11,10,17,17,9,19,1,3,17,15,20,5,4,5,4,13,4,210,2013-14,1,1610612754,IND,True
373,5,By Year,2012-13,81,49,32,0.605,48.4,35.1,80.6,0.436,6.9,19.7,0.34700000000000003,17.6,23.6,0.746,12.9,33.0,45.9,20.3,15.1,7.2,6.3,5.7,20.0,21.9,94.7,4.0,20,5,7,7,11,15,12,20,10,9,17,19,16,20,1,4,1,16,16,13,1,17,4,3,17,5,210,2012-13,1,1610612754,IND,True
374,6,By Year,2011-12,66,42,24,0.636,48.5,35.7,81.4,0.43799999999999994,5.9,16.1,0.368,20.4,26.1,0.782,12.5,31.4,43.9,18.6,14.0,7.9,5.4,6.0,21.7,21.6,97.7,3.3,21,10,3,6,7,12,9,18,14,15,8,4,6,6,3,14,6,21,5,7,6,20,9,6,9,8,210,2011-12,1,1610612754,IND,True
375,7,By Year,2010-11,82,37,45,0.451,48.2,36.6,82.8,0.442,7.1,20.2,0.354,19.4,24.8,0.782,11.1,32.4,43.5,19.6,15.4,7.1,5.6,5.7,21.7,21.4,99.8,-1.1,1,17,18,18,15,8,8,14,8,8,11,10,10,7,11,8,8,20,20,16,3,19,10,7,8,18,210,2010-11,1,1610612754,IND,True
376,8,By Year,2009-10,82,32,50,0.39,48.1,36.8,83.2,0.44299999999999995,8.0,23.1,0.348,19.1,24.6,0.775,9.6,31.9,41.5,21.1,15.0,7.1,5.4,5.0,22.5,20.8,100.8,-3.0,1,22,22,22,22,7,7,13,5,3,16,13,11,10,21,11,19,14,13,14,8,12,15,9,7,22,210,2009-10,0,1610612754,IND,True
377,9,By Year,2008-09,82,36,46,0.439,48.4,39.3,86.3,0.455,8.0,21.0,0.37799999999999995,18.6,23.0,0.807,11.3,32.5,43.7,21.6,14.5,7.0,5.3,5.4,23.1,20.6,105.1,-1.1,1,18,19,19,12,3,2,6,6,7,4,16,18,3,9,7,7,8,10,17,10,16,19,10,3,19,210,2008-09,0,1610612754,IND,True
378,10,By Year,2007-08,82,36,46,0.439,48.2,37.8,85.3,0.444,9.2,24.6,0.374,19.1,24.9,0.768,11.0,32.1,43.1,22.7,15.1,7.6,5.0,5.1,23.4,21.7,104.0,-1.4,1,18,19,19,19,5,3,12,1,1,6,12,9,12,12,9,9,4,14,9,12,13,21,5,4,20,210,2007-08,0,1610612754,IND,True
379,11,By Year,2006-07,82,35,47,0.42700000000000005,48.2,35.0,80.0,0.43799999999999994,5.9,16.9,0.34600000000000003,19.7,25.9,0.76,12.1,29.8,41.8,20.5,16.3,7.3,5.5,5.0,23.3,23.7,95.6,-2.4,1,20,21,21,17,16,15,19,16,14,18,8,8,18,5,18,16,15,21,11,4,11,20,1,15,21,210,2006-07,0,1610612754,IND,True
380,12,By Year,2005-06,82,41,41,0.5,48.1,34.0,76.5,0.444,6.5,18.7,0.349,19.4,26.3,0.737,11.0,31.2,42.2,19.9,15.3,7.3,5.0,4.9,22.2,22.0,93.9,1.9,1,13,14,14,21,20,19,11,13,12,15,11,4,21,13,16,13,19,19,12,14,9,14,2,19,9,210,2005-06,1,1610612754,IND,True
381,13,By Year,2004-05,82,44,38,0.537,48.5,32.5,75.2,0.43200000000000005,6.6,19.2,0.344,21.3,26.9,0.792,10.6,29.5,40.1,18.2,14.3,7.5,4.4,4.9,23.0,0.0,93.0,0.8,1,9,11,11,5,22,22,22,12,10,19,1,3,5,15,19,21,22,8,10,21,8,18,21,20,13,210,2004-05,1,1610612754,IND,True
382,14,By Year,2003-04,82,61,21,0.7440000000000001,48.3,33.6,77.1,0.435,5.5,15.6,0.35100000000000003,18.8,24.6,0.764,11.8,29.9,41.7,21.6,14.4,8.9,5.0,6.2,20.8,0.1,91.4,5.8,1,1,2,1,14,21,18,21,17,17,14,15,12,16,6,17,18,9,9,2,13,21,6,20,22,2,210,2003-04,1,1610612754,IND,True
383,15,By Year,2002-03,82,48,34,0.585,48.6,35.5,80.6,0.441,4.6,13.6,0.33899999999999997,21.2,27.7,0.7659999999999999,12.2,32.0,44.2,23.3,14.8,8.5,5.4,6.3,22.1,0.1,96.8,3.5,1,6,8,8,3,14,11,15,22,21,22,2,2,13,4,10,4,1,11,4,7,22,12,19,11,7,210,2002-03,1,1610612754,IND,True
384,16,By Year,2001-02,82,42,40,0.512,48.5,35.8,80.2,0.446,4.9,14.6,0.33899999999999997,20.3,26.3,0.772,11.3,31.3,42.7,23.0,15.2,8.0,5.3,5.7,22.9,0.2,96.8,0.3,1,10,12,12,4,11,13,10,19,18,21,5,5,11,8,15,11,3,18,6,9,18,17,17,12,15,210,2001-02,1,1610612754,IND,True
385,17,By Year,2000-01,82,41,41,0.5,48.7,34.5,78.4,0.44,4.8,14.1,0.342,18.8,24.5,0.7659999999999999,11.2,31.6,42.9,21.5,15.2,6.9,5.9,4.7,23.5,0.0,92.6,-0.2,1,13,14,14,2,19,16,16,21,19,20,14,14,14,10,13,10,10,17,18,2,6,22,21,21,16,210,2000-01,1,1610612754,IND,True
386,18,By Year,1999-00,82,56,26,0.6829999999999999,48.1,37.2,81.0,0.45899999999999996,7.1,18.1,0.392,19.9,24.5,0.8109999999999999,10.3,31.9,42.1,22.6,14.1,6.8,5.1,3.9,21.8,2.3,101.3,4.6,1,3,5,3,20,6,10,4,9,13,1,7,15,1,18,12,14,5,6,19,11,1,11,14,6,3,210,1999-00,1,1610612754,IND,True
387,19,By Year,1998-99,50,33,17,0.66,48.4,34.6,77.3,0.44799999999999995,5.9,16.0,0.368,19.5,24.6,0.7959999999999999,11.5,29.0,40.5,20.1,13.0,6.3,4.5,4.8,21.6,0.2,94.7,3.7,22,21,1,5,10,18,17,9,15,16,9,9,13,4,7,21,20,18,1,21,20,7,8,16,18,6,210,1998-99,1,1610612754,IND,True
388,20,By Year,1997-98,82,58,24,0.7070000000000001,48.4,35.6,75.9,0.469,4.9,12.5,0.39,19.9,26.0,0.764,10.7,28.6,39.3,23.0,14.2,7.9,4.5,4.5,22.7,0.1,96.0,6.1,1,2,3,2,12,13,21,2,20,22,2,6,7,17,14,22,22,2,7,8,19,2,16,18,14,1,210,1997-98,1,1610612754,IND,True
389,21,By Year,1996-97,82,39,43,0.47600000000000003,50.4,34.8,76.3,0.456,5.2,13.8,0.381,20.6,28.5,0.722,12.5,29.1,41.7,21.3,16.3,7.1,4.8,5.1,22.1,0.3,95.4,1.0,1,15,16,16,1,17,20,5,18,20,3,3,1,22,2,20,17,12,22,14,16,14,13,15,16,12,210,1996-97,0,1610612754,IND,True
390,0,By Year,2017-18,82,52,30,0.634,48.2,40.8,86.6,0.47200000000000003,11.0,29.8,0.369,17.1,22.8,0.752,10.9,36.5,47.4,27.1,16.5,8.3,5.1,5.1,22.1,20.4,109.8,4.5,1,2,3,2,16,1,2,1,1,1,1,15,16,10,17,1,1,1,17,13,7,9,17,6,1,1,210,2017-18,1,1610612755,PHI,True
391,1,By Year,2016-17,82,28,54,0.341,48.4,37.7,85.3,0.442,10.1,29.8,0.34,17.0,22.0,0.7709999999999999,9.8,33.0,42.8,23.8,16.7,8.4,5.1,5.4,21.9,19.6,102.4,-5.7,1,16,17,17,11,4,3,14,2,2,10,16,20,4,21,2,9,2,19,10,7,12,15,8,2,18,210,2016-17,0,1610612755,PHI,True
392,2,By Year,2015-16,82,10,72,0.122,48.3,36.2,84.0,0.431,9.3,27.5,0.33899999999999997,15.7,22.6,0.6940000000000001,9.5,31.8,41.2,21.5,16.4,8.3,6.0,5.7,21.7,19.2,97.4,-10.2,1,22,22,22,13,14,5,19,3,3,11,20,18,21,22,4,17,9,15,14,1,17,14,9,9,21,210,2015-16,0,1610612755,PHI,True
393,3,By Year,2014-15,82,18,64,0.22,48.3,33.7,82.6,0.408,8.4,26.3,0.32,16.1,23.8,0.6759999999999999,11.9,30.9,42.9,20.5,17.7,9.6,5.9,5.5,21.7,20.2,92.0,-9.0,1,21,21,21,13,20,8,22,4,4,14,19,14,22,10,8,8,15,22,4,3,13,13,7,19,20,210,2014-15,0,1610612755,PHI,True
394,4,By Year,2013-14,82,19,63,0.23199999999999998,48.4,37.9,87.2,0.435,7.0,22.5,0.312,16.6,23.4,0.71,11.6,31.2,42.7,21.8,16.9,9.3,4.0,6.8,22.5,20.6,99.5,-10.5,1,20,20,20,9,3,1,18,5,5,18,18,15,18,11,7,10,7,20,5,20,22,18,5,4,22,210,2013-14,0,1610612755,PHI,True
395,5,By Year,2012-13,82,34,48,0.415,48.2,37.3,84.1,0.444,6.3,17.5,0.36,12.2,16.8,0.7290000000000001,10.9,30.4,41.3,22.8,13.0,7.4,4.7,4.8,18.4,16.2,93.2,-3.3,1,13,14,14,18,7,4,11,6,7,4,22,22,15,16,11,16,3,3,21,16,7,2,12,18,16,210,2012-13,0,1610612755,PHI,True
396,6,By Year,2011-12,66,35,31,0.53,48.2,37.4,83.6,0.44799999999999995,5.3,14.6,0.36200000000000004,13.5,18.2,0.742,10.7,32.5,43.2,22.0,11.2,8.0,5.2,4.8,17.5,16.2,93.6,4.2,21,11,4,6,17,6,6,9,10,11,3,21,21,13,18,3,6,6,1,18,6,6,1,13,16,3,210,2011-12,1,1610612755,PHI,True
397,7,By Year,2010-11,82,41,41,0.5,48.6,38.1,82.6,0.461,5.4,15.2,0.355,17.4,22.6,0.77,10.4,31.4,41.8,22.7,13.0,7.6,4.3,4.6,19.4,18.8,99.0,1.5,1,7,9,9,2,2,9,2,9,10,5,14,17,5,20,6,14,4,2,20,19,3,3,10,7,7,210,2010-11,1,1610612755,PHI,True
398,8,By Year,2009-10,82,27,55,0.32899999999999996,48.3,37.6,81.8,0.46,5.8,16.8,0.34299999999999997,16.7,22.0,0.7559999999999999,11.5,29.5,41.0,21.0,14.5,8.1,5.4,4.0,20.5,18.7,97.7,-3.9,1,18,18,18,15,5,12,3,8,8,8,17,19,8,12,14,19,11,7,15,5,2,10,11,8,17,210,2009-10,0,1610612755,PHI,True
399,9,By Year,2008-09,82,41,41,0.5,48.2,36.5,79.7,0.45899999999999996,4.2,13.1,0.318,20.1,27.0,0.745,12.7,28.5,41.2,20.1,14.1,8.0,5.1,4.9,20.1,21.8,97.4,0.1,1,7,9,9,18,11,16,5,13,12,16,8,8,11,9,21,18,19,4,16,9,8,7,3,10,10,210,2008-09,1,1610612755,PHI,True
400,10,By Year,2007-08,82,40,42,0.488,48.2,37.3,81.1,0.46,3.7,11.6,0.317,18.4,26.1,0.706,13.0,28.9,41.9,20.4,14.3,8.7,4.9,5.1,19.8,20.8,96.6,0.4,1,9,11,11,18,8,13,4,15,15,17,13,10,20,7,17,13,16,6,8,12,10,4,4,12,9,210,2007-08,1,1610612755,PHI,True
401,11,By Year,2006-07,82,35,47,0.42700000000000005,48.5,35.8,78.1,0.45799999999999996,3.5,10.0,0.345,20.0,26.0,0.767,11.0,28.7,39.7,20.4,15.3,7.2,4.8,3.9,20.4,22.0,94.9,-3.0,1,11,13,13,5,16,19,7,16,16,7,10,11,6,15,19,22,17,10,22,14,1,8,2,13,15,210,2006-07,0,1610612755,PHI,True
402,12,By Year,2005-06,82,38,44,0.46299999999999997,48.5,36.6,79.8,0.45799999999999996,4.6,12.6,0.364,21.6,28.4,0.76,10.6,29.6,40.2,20.2,14.1,7.9,4.9,4.7,20.9,23.1,99.4,-2.0,1,10,12,12,4,10,15,6,12,13,2,2,4,7,19,13,21,18,5,19,11,5,12,1,5,12,210,2005-06,0,1610612755,PHI,True
403,13,By Year,2004-05,82,43,39,0.524,48.4,35.9,82.1,0.43700000000000006,6.2,17.7,0.348,21.1,26.8,0.789,11.1,30.9,42.0,20.9,15.5,9.2,3.9,4.7,22.9,0.0,99.1,-0.7,1,5,7,7,10,15,11,16,7,6,6,6,9,1,14,8,12,12,11,6,21,4,20,21,6,11,210,2004-05,1,1610612755,PHI,True
404,14,By Year,2003-04,82,33,49,0.402,48.4,32.7,76.3,0.428,4.1,12.1,0.342,18.4,24.5,0.753,11.5,29.4,40.8,20.0,15.9,8.0,4.4,5.6,20.7,0.0,88.0,-2.5,1,14,15,15,7,22,22,20,14,14,9,12,13,9,12,16,20,20,14,17,18,16,11,20,22,14,210,2003-04,0,1610612755,PHI,True
405,15,By Year,2002-03,82,48,34,0.585,48.4,36.3,81.0,0.44799999999999995,3.0,9.6,0.311,21.3,27.5,0.775,12.7,29.5,42.2,21.6,14.8,10.3,3.5,6.4,22.0,0.1,96.8,2.3,1,4,6,4,7,13,14,8,18,19,19,4,6,3,8,15,11,8,8,2,22,20,16,17,11,4,210,2002-03,1,1610612755,PHI,True
406,16,By Year,2001-02,82,43,39,0.524,48.1,34.2,78.5,0.436,2.6,8.7,0.299,20.0,25.7,0.779,13.3,30.9,44.2,20.0,15.3,8.6,4.4,5.6,20.0,0.2,91.0,1.6,1,5,7,7,22,19,18,17,20,20,21,9,12,2,5,10,3,21,9,9,17,14,6,15,20,6,210,2001-02,1,1610612755,PHI,True
407,17,By Year,2000-01,82,56,26,0.6829999999999999,48.4,35.4,79.1,0.447,3.2,9.8,0.326,20.7,27.8,0.745,13.1,31.7,44.8,20.6,15.8,8.4,5.0,5.6,20.4,0.0,94.7,4.3,1,1,2,1,6,17,17,10,17,18,12,7,5,12,6,5,2,14,13,11,10,14,9,21,15,2,210,2000-01,1,1610612755,PHI,True
408,18,By Year,1999-00,82,49,33,0.598,48.4,36.5,82.6,0.442,2.5,7.8,0.32299999999999995,19.2,27.1,0.708,14.0,30.1,44.1,22.2,15.7,9.6,4.7,6.5,23.6,2.5,94.8,1.3,1,3,5,3,11,12,9,13,21,21,13,11,7,19,3,12,5,5,12,3,15,21,22,14,14,8,210,1999-00,1,1610612755,PHI,True
409,19,By Year,1998-99,50,28,22,0.56,48.6,33.1,77.7,0.426,2.0,7.4,0.264,21.5,29.7,0.722,14.6,28.6,43.1,18.7,16.4,10.8,5.4,5.3,23.0,0.1,89.7,2.1,22,16,1,5,3,21,21,21,22,22,22,3,2,17,2,20,7,22,16,1,4,11,21,16,21,5,210,1998-99,1,1610612755,PHI,True
410,20,By Year,1997-98,82,31,51,0.37799999999999995,48.2,34.6,78.1,0.44299999999999995,3.0,9.9,0.3,21.1,28.7,0.737,13.7,28.0,41.7,21.1,16.5,8.9,6.0,6.2,22.9,0.1,93.3,-2.4,1,15,16,16,21,18,20,12,19,17,20,5,3,14,4,22,15,10,18,7,2,19,19,17,17,13,210,1997-98,0,1610612755,PHI,True
411,21,By Year,1996-97,82,22,60,0.268,49.7,36.6,83.5,0.43799999999999994,5.3,16.5,0.319,21.7,29.9,0.725,15.5,28.7,44.2,20.7,17.5,8.3,4.8,6.0,19.9,0.1,100.2,-6.5,1,19,19,19,1,9,7,15,11,9,15,1,1,16,1,18,4,13,21,12,13,18,5,17,3,19,210,1996-97,0,1610612755,PHI,True
522,0,By Year,2017-18,82,59,23,0.72,48.4,41.3,87.4,0.47200000000000003,11.8,33.0,0.358,17.3,21.8,0.794,9.8,34.2,44.0,24.3,13.4,7.6,6.1,4.9,21.7,19.9,111.7,7.8,1,1,1,1,11,1,1,2,1,1,13,17,18,4,20,1,2,2,8,8,6,13,11,10,1,1,210,2017-18,1,1610612761,TOR,True
523,1,By Year,2016-17,82,51,31,0.622,48.2,39.2,84.4,0.46399999999999997,8.8,24.3,0.363,19.7,24.7,0.7959999999999999,10.6,32.6,43.3,18.5,12.7,8.3,4.9,4.8,20.8,20.3,106.9,4.2,1,3,4,3,16,2,3,5,3,3,9,6,9,3,11,3,4,22,2,5,10,10,5,7,2,3,210,2016-17,1,1610612761,TOR,True
524,2,By Year,2015-16,82,56,26,0.6829999999999999,48.2,36.7,81.3,0.451,8.6,23.3,0.37,20.8,26.7,0.777,10.2,33.2,43.4,18.7,13.1,7.8,5.5,5.4,19.6,22.0,102.7,4.5,1,2,2,2,16,11,13,10,5,5,7,1,1,10,16,2,3,21,5,7,8,19,3,3,5,2,210,2015-16,1,1610612761,TOR,True
525,3,By Year,2014-15,82,49,33,0.598,48.4,37.9,83.3,0.455,8.9,25.1,0.35200000000000004,19.3,24.6,0.787,10.7,30.8,41.5,20.7,12.9,7.5,4.4,5.0,20.9,20.3,104.0,3.1,1,4,5,4,8,6,5,8,2,2,15,8,10,8,10,7,10,15,3,10,16,15,6,6,4,5,210,2014-15,1,1610612761,TOR,True
526,4,By Year,2013-14,82,48,34,0.585,48.7,36.5,81.9,0.445,8.7,23.4,0.37200000000000005,19.6,25.1,0.782,11.4,31.1,42.5,21.2,14.1,7.0,4.2,4.3,23.0,22.1,101.3,3.2,1,5,6,5,4,12,10,12,4,4,4,7,8,9,9,5,7,12,14,17,18,4,19,2,6,4,210,2013-14,1,1610612761,TOR,True
527,5,By Year,2012-13,82,34,48,0.415,48.7,36.3,81.5,0.446,7.0,20.3,0.34299999999999997,17.6,22.3,0.7879999999999999,10.6,29.6,40.2,21.5,13.7,7.3,4.8,4.7,22.4,20.1,97.2,-1.5,1,12,14,13,2,14,11,11,10,7,17,16,17,7,11,14,17,10,12,14,12,9,15,8,14,11,210,2012-13,0,1610612761,TOR,True
528,6,By Year,2011-12,66,23,43,0.348,48.4,34.4,78.1,0.44,5.5,16.3,0.34,16.4,21.4,0.77,10.6,31.4,42.0,20.9,15.2,6.5,4.9,4.9,23.2,18.4,90.7,-3.3,21,19,13,18,9,20,21,14,15,13,21,19,19,12,13,4,9,13,19,19,11,12,20,12,21,19,210,2011-12,0,1610612761,TOR,True
529,7,By Year,2010-11,82,22,60,0.268,48.2,38.3,82.4,0.465,4.2,13.3,0.316,18.2,24.1,0.755,11.7,28.6,40.3,21.9,14.7,7.1,4.3,5.6,22.0,19.8,99.1,-6.3,1,21,21,21,16,5,7,4,22,20,22,12,14,16,8,18,16,8,18,15,17,21,13,11,11,21,210,2010-11,0,1610612761,TOR,True
530,8,By Year,2009-10,82,40,42,0.488,48.2,39.0,80.9,0.48200000000000004,6.3,17.0,0.371,19.7,25.8,0.764,9.8,30.6,40.4,22.0,13.4,5.7,4.7,4.4,22.2,21.1,104.1,-1.8,1,11,12,11,16,3,18,1,12,12,6,5,3,14,18,9,15,7,10,22,15,6,14,5,3,14,210,2009-10,0,1610612761,TOR,True
531,9,By Year,2008-09,82,33,49,0.402,48.3,37.2,81.4,0.45799999999999996,5.8,15.7,0.37200000000000005,18.7,22.7,0.8240000000000001,9.8,30.6,40.4,22.4,13.4,6.4,4.8,4.7,19.4,20.1,99.0,-2.8,1,13,15,14,13,7,12,7,13,15,5,11,16,1,19,8,14,5,9,21,14,8,1,9,12,15,210,2008-09,0,1610612761,TOR,True
532,10,By Year,2007-08,82,41,41,0.5,48.4,38.4,82.0,0.46799999999999997,7.0,17.8,0.392,16.4,20.2,0.812,9.6,30.4,40.1,23.8,11.7,7.0,4.1,4.1,19.5,18.4,100.2,2.9,1,10,11,10,10,4,9,3,9,11,1,20,21,2,21,10,19,3,1,18,19,2,2,13,8,6,210,2007-08,1,1610612761,TOR,True
533,11,By Year,2006-07,82,47,35,0.573,48.2,37.0,79.8,0.46299999999999997,6.5,17.9,0.363,19.0,24.2,0.7879999999999999,9.2,30.2,39.5,22.2,13.5,7.1,3.9,3.9,20.4,21.8,99.5,1.0,1,6,7,6,20,9,19,6,11,10,11,10,13,6,22,11,21,6,11,15,20,1,4,4,10,8,210,2006-07,1,1610612761,TOR,True
534,12,By Year,2005-06,82,27,55,0.32899999999999996,48.7,36.7,81.0,0.45399999999999996,7.4,19.8,0.375,20.2,25.5,0.7909999999999999,10.5,27.9,38.5,19.4,13.1,6.5,3.3,4.4,24.0,22.4,101.1,-3.0,1,17,19,19,4,10,16,9,7,9,3,3,5,5,14,20,22,18,4,20,22,5,21,1,7,16,210,2005-06,0,1610612761,TOR,True
535,13,By Year,2004-05,82,33,49,0.402,48.3,36.0,81.2,0.444,7.9,20.5,0.385,19.8,25.6,0.774,10.3,29.8,40.1,20.4,13.3,7.6,3.9,4.4,22.9,0.0,99.7,-1.6,1,13,15,14,12,16,15,13,6,6,2,4,4,11,15,13,18,17,7,9,21,6,18,21,9,12,210,2004-05,0,1610612761,TOR,True
536,14,By Year,2003-04,82,33,49,0.402,48.7,32.4,77.4,0.418,5.6,15.8,0.35600000000000004,15.1,20.1,0.75,10.1,29.5,39.6,19.2,14.2,7.4,4.9,4.1,21.3,0.0,85.4,-3.0,1,13,15,14,3,22,22,22,14,14,14,22,22,17,17,15,20,20,15,12,9,2,8,20,22,17,210,2003-04,0,1610612761,TOR,True
537,15,By Year,2002-03,82,24,58,0.293,48.3,34.7,81.3,0.42700000000000005,5.0,14.5,0.34299999999999997,16.5,22.9,0.718,12.5,28.7,41.2,19.3,14.4,7.4,4.8,5.0,21.5,0.1,90.9,-5.9,1,18,20,20,13,19,14,20,18,16,18,18,15,21,7,17,12,19,17,11,12,14,9,19,20,20,210,2002-03,0,1610612761,TOR,True
538,16,By Year,2001-02,82,42,40,0.512,48.2,35.6,82.0,0.434,4.7,13.5,0.349,15.5,20.9,0.7390000000000001,13.6,28.5,42.1,21.7,14.3,8.4,5.6,4.8,21.6,0.1,91.4,-0.4,1,9,10,9,20,17,8,18,19,19,16,21,20,19,5,19,8,9,16,4,7,11,10,16,18,10,210,2001-02,1,1610612761,TOR,True
539,17,By Year,2000-01,82,47,35,0.573,48.7,37.2,85.0,0.43700000000000006,5.2,14.2,0.369,18.1,24.2,0.747,13.6,30.8,44.5,24.4,13.2,7.3,6.3,5.4,21.3,0.0,97.6,2.3,1,6,7,6,6,8,2,15,16,18,8,13,12,18,4,6,1,1,6,13,4,18,7,21,13,7,210,2000-01,1,1610612761,TOR,True
540,18,By Year,1999-00,82,45,37,0.5489999999999999,48.2,36.3,83.9,0.433,5.2,14.3,0.363,19.3,25.2,0.765,13.4,29.9,43.3,23.7,13.9,8.1,6.6,5.3,24.3,2.0,97.2,-0.2,1,8,9,8,20,13,4,19,17,17,10,9,6,13,6,12,4,4,13,6,2,17,22,14,15,9,210,1999-00,1,1610612761,TOR,True
541,19,By Year,1998-99,50,23,27,0.46,48.3,33.2,78.8,0.42100000000000004,4.5,13.2,0.341,20.2,26.6,0.76,14.2,28.9,43.2,20.7,16.0,8.8,6.4,5.2,22.8,0.2,91.1,-1.6,22,19,3,12,15,21,20,21,21,21,20,2,2,15,2,16,6,16,20,3,3,16,17,15,19,13,210,1998-99,0,1610612761,TOR,True
542,20,By Year,1997-98,82,16,66,0.195,48.6,36.1,83.1,0.435,4.5,13.2,0.342,18.0,25.1,0.718,14.5,26.2,40.7,21.3,16.7,9.4,8.1,6.3,22.6,0.1,94.9,-9.3,1,22,22,22,7,15,6,17,20,22,19,14,7,22,1,22,13,11,22,1,1,22,16,16,17,22,210,1997-98,0,1610612761,TOR,True
543,21,By Year,1996-97,82,30,52,0.366,49.9,35.3,80.9,0.43700000000000006,7.2,19.8,0.363,17.6,24.5,0.72,13.8,27.5,41.3,20.9,16.4,8.8,6.3,5.4,22.0,0.1,95.5,-3.1,1,16,18,17,1,18,17,16,8,8,12,15,11,20,3,21,11,14,21,2,5,19,12,18,16,18,210,1996-97,0,1610612761,TOR,True
588,0,By Year,2017-18,82,43,39,0.524,48.4,39.9,85.6,0.467,9.9,26.5,0.375,16.8,21.8,0.772,10.0,33.1,43.1,25.2,14.6,7.9,4.3,4.7,21.3,20.0,106.6,0.6,1,6,7,6,6,2,3,3,1,1,4,17,18,4,21,2,3,1,11,11,17,14,12,7,2,6,210,2017-18,1,1610612764,WAS,True
589,1,By Year,2016-17,82,49,33,0.598,48.4,41.3,87.0,0.475,9.2,24.8,0.37200000000000005,17.3,22.1,0.784,10.3,32.6,42.9,23.9,14.2,8.5,4.1,4.6,21.3,19.8,109.2,1.8,1,1,2,1,6,1,1,2,2,2,5,14,17,1,20,4,4,4,8,5,20,12,10,9,1,2,210,2016-17,1,1610612764,WAS,True
590,2,By Year,2015-16,82,41,41,0.5,48.2,39.5,85.8,0.46,8.6,24.2,0.358,16.5,22.5,0.73,9.1,32.8,41.8,24.5,14.5,8.6,3.9,4.3,20.8,20.1,104.1,-0.5,1,10,11,10,18,3,2,5,3,3,8,18,16,16,22,3,11,2,10,4,21,6,8,6,4,10,210,2015-16,0,1610612764,WAS,True
591,3,By Year,2014-15,82,46,36,0.561,48.7,38.3,82.8,0.462,6.1,16.8,0.36,15.9,21.4,0.742,10.5,34.2,44.7,24.0,15.0,7.3,4.6,4.3,20.8,19.6,98.5,0.7,1,2,3,2,3,6,10,4,9,10,7,19,19,13,19,1,1,3,15,18,11,5,7,10,10,5,210,2014-15,1,1610612764,WAS,True
592,4,By Year,2013-14,82,44,38,0.537,48.9,38.7,84.4,0.45899999999999996,7.9,20.8,0.38,15.3,20.9,0.731,10.8,31.4,42.2,23.3,14.7,8.1,4.6,3.9,20.4,19.5,100.7,1.3,1,4,5,4,2,5,4,6,4,4,2,21,22,15,18,6,9,6,12,7,12,1,3,11,6,4,210,2013-14,1,1610612764,WAS,True
593,5,By Year,2012-13,82,29,53,0.354,48.4,35.5,81.6,0.435,6.6,18.2,0.365,15.6,21.3,0.733,10.8,32.3,43.2,21.6,15.1,7.3,4.6,4.4,20.5,19.1,93.2,-2.5,1,14,16,15,6,18,13,21,7,8,6,20,20,14,17,5,2,8,16,19,13,7,5,12,18,15,210,2012-13,0,1610612764,WAS,True
594,6,By Year,2011-12,66,20,46,0.303,48.1,36.6,83.0,0.441,5.2,16.3,0.32,15.3,21.0,0.727,11.7,29.9,41.7,19.1,15.3,8.0,6.3,4.5,21.3,18.7,93.6,-4.8,21,19,15,19,20,12,8,17,13,11,20,22,21,17,14,8,14,18,17,10,1,11,11,13,16,18,210,2011-12,0,1610612764,WAS,True
595,7,By Year,2010-11,82,23,59,0.28,48.6,37.2,84.0,0.44299999999999995,4.8,14.4,0.332,18.2,24.4,0.745,12.4,29.0,41.3,19.4,15.3,8.1,6.1,5.0,22.6,20.3,97.3,-7.4,1,18,20,20,4,9,5,15,15,15,16,10,9,11,8,16,16,17,18,8,2,16,18,4,11,21,210,2010-11,0,1610612764,WAS,True
596,8,By Year,2009-10,82,26,56,0.317,48.4,36.7,81.7,0.449,5.3,14.9,0.353,17.6,23.1,0.762,11.8,30.0,41.8,19.0,14.9,6.0,5.1,5.1,21.4,20.5,96.2,-4.8,1,16,18,17,9,11,11,11,12,13,11,12,14,8,13,7,13,20,14,22,3,18,13,3,14,17,210,2009-10,0,1610612764,WAS,True
597,9,By Year,2008-09,82,19,63,0.23199999999999998,48.1,36.5,81.2,0.45,4.8,14.6,0.33,18.2,23.8,0.767,11.7,28.4,40.1,20.0,14.0,7.5,4.5,5.3,20.5,20.0,96.1,-7.5,1,20,21,21,21,13,18,10,14,14,18,9,13,5,15,21,21,14,6,17,15,19,4,8,15,22,210,2008-09,0,1610612764,WAS,True
598,10,By Year,2007-08,82,43,39,0.524,48.5,36.4,81.6,0.446,7.0,19.7,0.35600000000000004,19.0,24.3,0.782,12.3,29.3,41.6,19.6,13.2,7.7,4.8,4.4,19.6,20.2,98.8,-0.3,1,6,7,6,5,14,12,13,5,5,10,8,10,2,10,11,15,16,2,14,6,9,1,5,9,8,210,2007-08,1,1610612764,WAS,True
599,11,By Year,2006-07,82,41,41,0.5,48.4,37.4,83.2,0.45,6.8,19.7,0.348,22.6,29.6,0.765,12.2,29.0,41.2,20.2,13.8,7.7,4.6,4.6,22.2,23.5,104.3,-0.5,1,10,11,10,12,8,6,9,6,5,12,2,3,7,11,15,19,12,4,13,14,13,16,2,3,11,210,2006-07,1,1610612764,WAS,True
600,12,By Year,2005-06,82,42,40,0.512,48.4,36.3,81.2,0.447,6.1,17.0,0.35700000000000004,23.0,30.4,0.757,12.6,28.6,41.2,18.6,13.9,8.0,4.1,4.2,22.6,25.0,101.7,1.9,1,8,9,8,13,15,17,12,9,9,9,1,1,10,6,19,18,22,5,9,19,3,19,1,5,1,210,2005-06,1,1610612764,WAS,True
601,13,By Year,2004-05,82,45,37,0.5489999999999999,48.2,36.2,82.8,0.436,6.3,18.3,0.34299999999999997,21.9,30.2,0.725,13.8,29.0,42.8,19.1,14.3,8.7,4.2,5.0,22.0,0.0,100.5,-0.3,1,3,4,3,16,16,9,20,8,7,13,3,2,18,1,16,5,19,9,2,18,15,15,21,7,8,210,2004-05,1,1610612764,WAS,True
602,14,By Year,2003-04,82,25,57,0.305,48.4,33.6,80.0,0.42100000000000004,5.3,15.5,0.342,19.3,27.0,0.7140000000000001,13.6,29.2,42.8,18.7,17.5,8.9,5.0,5.5,20.9,0.0,91.8,-5.6,1,17,19,18,9,22,19,22,11,12,14,6,5,19,3,14,5,21,22,1,4,20,9,19,20,19,210,2003-04,0,1610612764,WAS,True
603,15,By Year,2002-03,82,37,45,0.451,48.4,34.3,78.0,0.44,3.1,9.9,0.312,19.7,25.3,0.779,11.2,29.2,40.4,19.7,13.4,7.6,4.8,4.4,20.0,0.0,91.5,-1.0,1,12,13,12,9,21,22,18,22,21,21,5,8,3,16,12,20,15,3,16,7,7,2,19,21,12,210,2002-03,0,1610612764,WAS,True
604,16,By Year,2001-02,82,37,45,0.451,48.1,35.8,81.3,0.441,3.7,9.6,0.38799999999999996,17.4,22.8,0.765,12.9,29.2,42.0,20.9,13.0,7.0,4.3,5.0,21.5,0.1,92.8,-1.4,1,12,13,12,19,17,16,16,19,22,1,13,15,6,5,13,10,11,1,21,16,17,14,18,19,13,210,2001-02,0,1610612764,WAS,True
605,17,By Year,2000-01,82,19,63,0.23199999999999998,48.0,34.5,78.7,0.439,3.4,10.3,0.324,20.8,27.4,0.759,12.4,28.9,41.3,20.1,17.0,7.7,4.7,6.2,23.3,0.0,93.2,-6.7,1,20,21,21,22,20,21,19,21,20,19,4,4,9,7,18,17,13,21,15,8,22,21,21,17,20,210,2000-01,0,1610612764,WAS,True
606,18,By Year,1999-00,82,29,53,0.354,48.3,36.7,81.5,0.45,4.1,10.9,0.376,19.1,25.7,0.743,13.0,29.7,42.7,21.6,16.1,7.2,4.7,6.1,26.2,2.7,96.6,-3.3,1,14,16,15,14,10,14,8,16,19,3,7,7,12,4,9,7,9,20,20,8,21,22,14,13,16,210,1999-00,0,1610612764,WAS,True
607,19,By Year,1998-99,50,18,32,0.36,48.2,35.4,79.4,0.445,3.6,11.6,0.309,16.9,24.0,0.705,11.9,28.1,40.0,21.3,14.7,7.9,3.9,4.2,23.0,0.1,91.2,-2.2,22,22,1,14,17,19,20,14,20,17,22,16,12,21,12,22,22,10,13,12,22,4,20,17,22,14,210,1998-99,0,1610612764,WAS,True
608,20,By Year,1997-98,82,42,40,0.512,48.3,37.6,83.1,0.452,3.9,11.5,0.33899999999999997,18.2,26.3,0.691,13.7,28.5,42.2,23.2,14.1,8.4,4.6,4.5,22.4,0.2,97.2,0.6,1,8,9,8,14,7,7,7,18,18,15,10,6,22,2,20,8,7,7,6,10,10,17,15,12,6,210,1997-98,0,1610612764,WAS,True
609,21,By Year,1996-97,82,44,38,0.537,50.0,39.1,81.4,0.48,4.0,12.2,0.331,17.1,24.1,0.7070000000000001,12.3,29.5,41.8,23.4,15.7,8.7,4.9,4.1,20.7,0.2,99.4,1.6,1,4,5,4,1,4,15,1,17,16,17,15,11,20,9,10,12,5,19,3,5,2,6,15,8,3,210,1996-97,1,1610612764,WAS,True
610,0,By Year,2017-18,82,39,43,0.47600000000000003,48.3,39.1,86.9,0.45,10.8,28.9,0.373,14.7,19.8,0.745,10.1,33.6,43.7,22.8,13.5,7.7,3.9,4.9,18.4,18.4,103.8,-0.1,1,11,13,12,14,2,2,9,1,1,5,21,21,11,21,3,6,2,10,8,17,17,2,12,1,13,210,2017-18,0,1610612765,DET,True
611,1,By Year,2016-17,82,37,45,0.451,48.3,39.9,88.8,0.449,7.7,23.4,0.33,13.9,19.3,0.7190000000000001,11.1,34.6,45.7,21.1,11.9,7.0,3.8,4.1,17.9,17.5,101.3,-1.1,1,13,15,14,14,1,1,11,4,4,19,22,22,18,18,1,2,9,3,17,19,6,1,13,4,16,210,2016-17,0,1610612765,DET,True
612,2,By Year,2015-16,82,44,38,0.537,48.5,37.9,86.4,0.439,9.0,26.2,0.345,17.1,25.5,0.6679999999999999,12.5,33.9,46.3,19.4,13.5,7.0,3.7,4.5,19.0,21.6,102.0,0.6,1,9,10,10,6,4,4,17,2,2,15,15,7,22,7,2,1,19,12,19,20,9,5,1,3,12,210,2015-16,1,1610612765,DET,True
613,3,By Year,2014-15,82,32,50,0.39,48.4,37.1,85.8,0.43200000000000005,8.6,24.9,0.344,15.8,22.4,0.703,12.8,32.1,44.9,21.6,13.4,7.6,4.7,4.8,19.0,19.3,98.5,-1.0,1,15,17,16,11,7,5,20,3,3,16,20,19,19,5,4,5,5,8,9,11,14,6,10,6,15,210,2014-15,0,1610612765,DET,True
614,4,By Year,2013-14,82,29,53,0.354,48.2,38.8,86.9,0.447,6.2,19.3,0.321,17.3,25.7,0.67,14.6,30.8,45.4,20.9,14.5,8.4,4.8,4.9,20.3,20.7,101.0,-3.7,1,18,20,20,17,3,3,14,10,5,20,14,5,21,1,6,4,11,14,2,10,19,12,4,5,19,210,2013-14,0,1610612765,DET,True
615,5,By Year,2012-13,82,29,53,0.354,48.3,36.3,81.0,0.449,6.3,17.6,0.35600000000000004,15.9,22.8,0.6990000000000001,12.1,30.0,42.1,21.2,15.1,7.0,4.9,5.8,19.8,19.9,94.9,-4.0,1,18,20,20,14,11,8,12,9,10,10,19,16,20,10,9,9,8,17,17,9,22,8,6,12,20,210,2012-13,0,1610612765,DET,True
616,6,By Year,2011-12,66,25,41,0.379,48.4,34.7,79.3,0.43799999999999994,4.8,13.9,0.34600000000000003,16.6,22.1,0.752,11.7,28.5,40.3,18.7,15.7,7.0,4.2,5.3,19.6,19.4,90.9,-4.8,21,22,12,18,10,17,14,18,16,16,13,18,20,7,13,17,18,22,19,20,13,21,7,9,20,21,210,2011-12,0,1610612765,DET,True
617,7,By Year,2010-11,82,30,52,0.366,48.5,37.3,81.1,0.46,5.8,15.3,0.376,16.7,22.6,0.737,11.4,27.3,38.6,21.1,13.0,7.3,4.0,4.6,19.9,18.8,97.0,-3.6,1,17,19,19,6,5,7,2,12,13,3,17,17,14,16,22,21,10,7,12,16,12,9,11,8,18,210,2010-11,0,1610612765,DET,True
618,8,By Year,2009-10,82,27,55,0.32899999999999996,48.2,35.9,80.5,0.445,4.6,14.5,0.314,17.7,24.4,0.728,12.8,27.3,40.2,19.4,13.4,7.3,3.8,4.9,22.2,20.8,94.0,-5.1,1,21,22,22,17,13,10,15,19,15,21,12,10,15,4,21,19,20,9,11,18,18,19,3,17,22,210,2009-10,0,1610612765,DET,True
619,9,By Year,2008-09,82,39,43,0.47600000000000003,48.5,36.4,80.0,0.45399999999999996,4.6,13.2,0.349,16.9,22.5,0.7509999999999999,11.6,29.9,41.4,20.6,11.9,6.0,4.6,4.2,20.9,19.7,94.2,-0.5,1,11,13,12,4,10,11,6,18,19,12,16,18,8,14,11,10,14,3,22,12,7,16,8,14,14,210,2008-09,1,1610612765,DET,True
620,10,By Year,2007-08,82,59,23,0.72,48.1,36.6,79.9,0.45799999999999996,5.9,16.2,0.366,18.4,24.0,0.767,11.9,29.5,41.4,22.3,11.7,7.1,5.8,3.9,20.6,19.7,97.5,7.4,1,2,3,2,21,8,13,4,11,11,6,9,13,4,12,13,10,3,2,13,5,4,14,7,7,1,210,2007-08,1,1610612765,DET,True
621,11,By Year,2006-07,82,53,29,0.6459999999999999,48.5,35.9,79.1,0.45399999999999996,5.5,15.9,0.344,18.8,24.2,0.774,11.6,29.0,40.5,21.6,12.2,7.1,5.8,3.5,20.4,20.3,96.0,4.2,1,6,7,6,6,12,15,7,13,12,17,8,12,2,15,14,15,6,5,13,5,3,13,5,10,5,210,2006-07,1,1610612765,DET,True
622,12,By Year,2005-06,82,64,18,0.78,48.4,36.4,80.0,0.455,6.8,17.7,0.384,17.3,23.8,0.727,11.9,28.6,40.5,24.0,11.4,7.1,6.0,3.5,18.5,20.9,96.8,6.7,1,1,1,1,11,9,12,5,7,9,2,13,15,16,11,16,15,1,1,15,4,2,3,2,9,2,210,2005-06,1,1610612765,DET,True
623,13,By Year,2004-05,82,54,28,0.659,48.7,34.8,78.3,0.444,4.4,12.8,0.345,19.4,26.2,0.7390000000000001,12.9,30.6,43.4,21.8,13.8,7.0,6.1,4.5,20.0,0.0,93.3,3.9,1,3,4,3,3,16,16,16,20,20,14,4,4,13,3,7,7,4,13,16,3,10,10,21,18,6,210,2004-05,1,1610612765,DET,True
624,14,By Year,2003-04,82,54,28,0.659,48.2,33.5,77.0,0.435,4.1,11.8,0.344,19.0,25.3,0.753,12.4,30.4,42.8,20.8,15.1,8.0,7.0,5.0,20.3,0.0,90.1,5.8,1,3,4,3,17,20,18,19,21,21,18,5,8,6,8,8,8,13,17,5,1,20,11,20,22,3,210,2003-04,1,1610612765,DET,True
625,15,By Year,2002-03,82,50,32,0.61,48.5,32.9,76.5,0.43,6.5,18.1,0.358,19.0,24.6,0.7709999999999999,10.8,29.8,40.6,19.8,13.5,6.8,5.7,4.3,21.3,0.2,91.4,3.7,1,7,8,7,4,22,20,21,8,8,9,6,9,3,19,12,14,17,11,21,7,8,17,16,19,7,210,2002-03,1,1610612765,DET,True
626,16,By Year,2001-02,82,50,32,0.61,48.0,34.7,76.8,0.452,6.9,18.4,0.376,18.0,23.8,0.7559999999999999,9.9,28.9,38.7,21.5,14.5,7.9,6.9,4.1,20.7,0.1,94.3,2.1,1,7,8,7,22,18,19,8,6,6,4,11,14,5,22,15,20,7,14,6,2,5,15,19,13,9,210,2001-02,1,1610612765,DET,True
627,17,By Year,2000-01,82,32,50,0.39,48.4,35.6,83.9,0.424,4.7,13.6,0.35,19.6,27.2,0.721,13.5,32.0,45.5,19.9,15.9,7.5,5.5,4.8,23.8,0.0,95.6,-1.7,1,15,17,16,9,14,6,22,17,18,11,3,3,17,2,5,3,16,22,10,8,16,21,21,11,17,210,2000-01,0,1610612765,DET,True
628,18,By Year,1999-00,82,42,40,0.512,48.4,37.1,80.9,0.45899999999999996,5.4,14.9,0.359,23.9,30.6,0.7809999999999999,11.2,30.0,41.2,20.8,15.7,8.1,3.3,4.8,24.5,3.5,103.5,1.4,1,10,11,11,11,6,9,3,14,14,8,1,1,1,17,10,13,12,20,4,22,15,22,14,2,11,210,1999-00,1,1610612765,DET,True
629,19,By Year,1998-99,50,29,21,0.58,48.2,33.2,74.3,0.447,5.0,13.6,0.365,19.0,25.7,0.74,12.1,28.2,40.3,20.2,15.8,8.9,4.2,4.5,22.8,0.1,90.4,3.4,22,18,2,9,20,21,22,13,15,17,7,7,6,12,9,19,17,15,21,1,15,11,20,18,21,8,210,1998-99,1,1610612765,DET,True
630,20,By Year,1997-98,82,37,45,0.451,48.7,34.9,77.7,0.449,3.6,11.4,0.312,20.8,27.9,0.745,12.7,28.5,41.2,19.5,14.6,8.3,4.2,4.7,21.9,0.2,94.2,1.6,1,13,15,14,2,15,17,10,22,22,22,2,2,10,6,18,12,18,16,3,14,13,18,16,16,10,210,1997-98,0,1610612765,DET,True
631,21,By Year,1996-97,82,54,28,0.659,49.9,34.5,74.3,0.46399999999999997,7.1,18.3,0.38799999999999996,18.1,24.3,0.745,10.5,27.9,38.4,19.0,12.7,7.7,3.5,3.4,18.6,0.2,94.2,5.2,1,3,4,3,1,19,21,1,5,7,1,10,11,9,20,20,22,21,6,7,21,1,4,15,15,4,210,1996-97,1,1610612765,DET,True
632,0,By Year,2017-18,82,36,46,0.439,48.2,39.0,86.7,0.45,10.0,27.2,0.369,20.2,27.0,0.747,10.1,35.4,45.5,21.6,12.7,6.8,4.5,4.9,17.2,22.4,108.2,0.3,1,9,10,10,16,1,1,7,2,3,3,3,3,10,15,1,1,11,5,16,16,5,2,2,1,8,210,2017-18,0,1610612766,CHA,True
633,1,By Year,2016-17,82,36,46,0.439,48.4,37.7,85.4,0.442,10.0,28.6,0.35100000000000003,19.4,23.8,0.815,8.8,34.8,43.6,23.1,11.5,7.0,4.8,5.5,16.6,19.9,104.9,0.2,1,9,10,10,13,2,2,12,2,2,10,8,17,1,20,3,5,5,1,15,15,14,1,13,2,9,210,2016-17,0,1610612766,CHA,True
634,2,By Year,2015-16,82,48,34,0.585,48.4,37.0,84.4,0.439,10.6,29.4,0.36200000000000004,18.7,23.7,0.79,9.0,35.0,43.9,21.7,12.5,7.3,5.3,5.5,18.1,20.4,103.4,2.7,1,4,5,4,12,3,4,14,1,1,8,13,18,2,19,2,4,9,4,12,9,13,3,11,3,1,210,2015-16,1,1610612766,CHA,True
635,3,By Year,2014-15,82,33,49,0.402,48.5,35.5,84.5,0.42,6.1,19.1,0.318,17.0,22.8,0.748,10.0,34.1,44.1,20.2,11.9,6.1,5.5,5.4,18.2,20.8,94.2,-3.2,1,13,14,14,5,12,3,19,7,4,19,19,19,9,16,4,3,18,2,18,6,10,5,10,13,13,210,2014-15,0,1610612766,CHA,True
636,4,By Year,2013-14,82,43,39,0.524,48.5,36.3,82.1,0.442,6.3,17.9,0.35100000000000003,18.0,24.4,0.737,9.5,33.2,42.7,21.7,12.3,6.1,5.1,5.1,18.2,20.9,96.9,-0.2,1,8,9,8,5,5,7,11,6,5,11,17,13,16,18,5,8,9,3,18,11,6,4,8,9,11,210,2013-14,1,1610612766,CHA,True
637,5,By Year,2012-13,82,21,61,0.256,48.3,34.4,81.1,0.425,5.7,17.1,0.335,18.9,25.1,0.75,11.2,29.1,40.3,19.4,14.1,7.2,5.8,6.9,19.0,21.3,93.4,-9.2,1,18,19,18,14,17,8,18,9,7,17,11,12,8,7,13,13,20,7,13,2,20,7,5,16,19,210,2012-13,0,1610612766,CHA,True
638,6,By Year,2011-12,66,7,59,0.106,48.2,33.2,80.2,0.414,4.0,13.5,0.295,16.5,22.2,0.746,10.3,28.7,39.0,20.1,14.5,6.0,5.5,5.7,18.9,20.3,87.0,-13.9,19,20,18,20,20,20,11,20,19,15,20,20,20,12,14,15,20,19,10,20,5,15,6,12,20,20,210,2011-12,0,1610612766,CHA,True
639,7,By Year,2010-11,82,34,48,0.415,48.3,35.0,77.6,0.451,4.8,14.7,0.327,18.4,24.4,0.7559999999999999,10.3,29.8,40.1,21.1,14.5,6.4,5.3,6.0,20.0,21.1,93.3,-4.0,1,12,13,13,14,14,15,6,14,14,18,14,14,5,13,11,14,15,11,17,10,18,10,6,17,15,210,2010-11,0,1610612766,CHA,True
640,8,By Year,2009-10,82,44,38,0.537,48.5,34.9,76.9,0.45299999999999996,5.6,16.2,0.34600000000000003,20.0,26.6,0.7509999999999999,10.5,30.4,40.8,20.2,15.7,7.7,5.4,6.1,19.5,22.0,95.3,1.5,1,6,7,6,8,16,18,4,10,10,13,5,6,6,12,9,10,17,19,9,7,19,8,3,11,6,210,2009-10,1,1610612766,CHA,True
641,9,By Year,2008-09,82,35,47,0.42700000000000005,48.6,35.0,76.8,0.455,6.0,16.3,0.366,17.7,24.0,0.74,10.8,28.9,39.7,21.2,15.6,7.1,4.8,6.0,21.4,20.9,93.6,-1.3,1,11,12,12,3,15,19,3,8,9,5,18,16,15,10,14,17,14,18,14,14,17,14,9,15,12,210,2008-09,0,1610612766,CHA,True
642,10,By Year,2007-08,82,32,50,0.39,48.5,36.1,79.9,0.452,6.5,17.6,0.36700000000000005,18.4,25.8,0.7140000000000001,10.9,29.8,40.6,21.3,14.7,7.5,4.9,5.8,21.7,21.0,97.1,-4.4,1,15,16,16,8,9,12,5,5,6,4,15,9,19,9,12,11,13,14,10,13,16,16,7,6,17,210,2007-08,0,1610612766,CHA,True
643,11,By Year,2006-07,82,33,49,0.402,48.8,36.1,81.0,0.446,5.6,15.6,0.35700000000000004,19.1,26.0,0.7340000000000001,11.2,28.6,39.8,22.4,14.9,7.8,4.5,5.3,24.2,21.8,96.9,-3.7,1,13,14,14,2,9,9,10,11,11,9,9,8,17,6,16,15,6,16,8,17,9,20,4,7,14,210,2006-07,0,1610612766,CHA,True
644,12,By Year,2005-06,82,26,56,0.317,48.5,36.1,83.5,0.433,5.2,15.4,0.33899999999999997,19.4,26.7,0.7290000000000001,12.1,27.7,39.8,20.9,14.2,10.0,4.3,5.4,23.9,23.5,96.9,-4.0,1,16,17,17,5,7,6,15,13,12,15,7,4,18,4,20,16,16,8,1,18,11,19,1,8,15,210,2005-06,0,1610612766,CHA,True
645,13,By Year,2004-05,82,18,64,0.22,48.5,36.1,83.6,0.43200000000000005,3.9,10.7,0.363,18.1,25.6,0.7090000000000001,13.2,28.5,41.7,21.9,14.5,8.5,5.4,5.4,23.1,0.0,94.3,-6.0,1,19,20,19,8,7,5,16,20,20,7,16,11,20,1,18,9,8,11,4,8,12,18,19,12,18,210,2004-05,0,1610612766,CHA,True
646,14,By Year,2001-02,82,44,38,0.537,48.2,35.3,80.2,0.44,4.2,12.1,0.348,19.1,25.7,0.745,12.9,30.5,43.5,21.5,14.0,8.0,5.6,5.1,21.3,0.2,93.9,1.0,1,6,7,6,19,13,10,13,15,17,12,9,10,14,2,8,6,12,6,7,3,8,12,16,14,7,210,2001-02,1,1610612766,CHA,True
647,15,By Year,2000-01,82,46,36,0.561,48.5,34.1,79.3,0.431,4.1,12.0,0.34600000000000003,19.5,26.2,0.745,12.6,31.8,44.4,23.2,14.4,8.1,5.5,4.6,21.4,0.0,91.9,2.1,1,5,6,5,11,18,14,17,17,18,14,6,7,13,3,7,2,4,9,6,4,3,13,19,19,3,210,2000-01,1,1610612766,CHA,True
648,16,By Year,1999-00,82,49,33,0.598,48.2,35.8,79.7,0.449,4.1,12.2,0.33899999999999997,22.7,30.0,0.758,10.8,32.1,42.9,24.7,14.7,8.9,5.9,5.1,20.4,2.2,98.4,2.7,1,3,4,3,16,11,13,9,18,16,16,1,1,4,11,6,7,1,15,2,1,7,11,14,5,2,210,1999-00,1,1610612766,CHA,True
649,17,By Year,1998-99,50,26,24,0.52,48.6,33.4,74.4,0.449,5.4,14.7,0.365,20.7,27.7,0.747,9.6,29.9,39.5,22.2,15.9,8.9,4.9,4.6,22.0,0.1,92.9,-0.1,20,16,1,9,4,19,20,8,12,13,6,2,2,11,17,10,18,7,20,3,12,4,17,18,18,10,210,1998-99,0,1610612766,CHA,True
650,18,By Year,1997-98,82,51,31,0.622,48.2,36.2,77.4,0.46799999999999997,4.2,11.0,0.38299999999999995,20.0,26.7,0.7509999999999999,12.0,28.5,40.6,23.7,15.2,8.4,3.8,4.5,21.4,0.3,96.6,2.0,1,2,3,2,16,6,16,2,15,19,2,4,4,7,5,17,12,3,17,5,20,2,15,15,10,4,210,1997-98,1,1610612766,CHA,True
651,19,By Year,1996-97,82,54,28,0.659,49.8,36.4,77.3,0.47100000000000003,7.2,16.9,0.428,18.8,24.2,0.777,11.1,28.0,39.1,24.6,14.7,7.3,4.3,4.1,19.9,0.2,98.9,1.9,1,1,2,1,1,4,17,1,4,8,1,12,15,3,8,19,19,2,13,11,19,1,9,16,4,5,210,1996-97,1,1610612766,CHA,True
